Date Found,Report,Organisation,UAE Mention,Type,Year,Source,Priority,Already Tracked,Status
2026-08-18,Bertelsmann Transformation Index (BTI) 2026,Bertelsmann Stiftung,"UAE has a country dashboard/report, scores implied but not visible in snippet",Index,2026,https://bti-project.org/en/reports/country-dashboard/ARE,🟠 Medium,No,🟡 Review
2026-08-18,Best Countries 2026,U.S. News & World Report,UAE ranked #38 overall,Ranking,2026,https://www.usnews.com/news/best-countries/united-arab-emirates,🔴 High,No,🟡 Review
2026-08-18,Voluntary National Reviews 2026,United Nations HLPF,"UAE mentioned in sustainable development context, no ranking or score",Report,2026,https://hlpf.un.org/countries/united-arab-emirates/voluntary-national-reviews-2026,🟡 Low,No,🟡 Review
2026-08-18,Bertelsmann Transformation Index (BTI) 2026,Bertelsmann Stiftung,"UAE ranked in constraints on governmental power subcategory, no specific rank visible",Index,2026,https://bti-project.org/en/reports/country-report/ARE,🟠 Medium,No,🟡 Review
2026-08-18,Atlantic Council Prosperity Index 2026,Atlantic Council,UAE ranked highest-performing Arab nation,Index,2026,https://www.instagram.com/reel/DYnvPDfiEPB/,🔴 High,No,🟡 Review
2026-08-18,Global Entrepreneurship Monitor (GEM) Global Report 2025-2026,Global Entrepreneurship Monitor (GEM),UAE ranked 1st globally for the fifth consecutive year,Report,2025-2026,https://www.moet.gov.ae/en/-/uae-ranks-first-globally-in-the-gem-2025-2026-global-report-for-the-fifth-consecutive-year,🔴 High,No,🟡 Review
2026-08-18,Environmental Performance Index (EPI) 2026,Yale Center for Environmental Law & Policy / Columbia University,UAE ranked 1st among Arab countries in the 2026 EPI,Index,2026,https://www.facebook.com/EntMagazineME/posts/the-united-arab-emirates-ranked-first-among-arab-countries-in-the-2026-environme/1566188008871895/,🔴 High,Yes,🟡 Review
2026-08-18,Freedom in the World 2026,Freedom House,"UAE included in Freedom in the World 2026 report, no score visible in snippet",Index,2026,https://freedomhouse.org/country/united-arab-emirates,🟠 Medium,No,🟡 Review
2026-08-18,World University Rankings,Times Higher Education (THE),"UAE University included with ranking positions 2016-2026, no specific rank visible in snippet",Ranking,2026,https://www.timeshighereducation.com/world-university-rankings/united-arab-emirates-university,🟠 Medium,No,🟡 Review
2026-08-18,Fitch Sovereign Credit Rating,Fitch Ratings,"UAE rated 'AA-', Outlook Stable",Benchmark,2026,https://www.fitchratings.com/research/sovereigns/fitch-affirms-united-arab-emirates-at-aa-outlook-stable-22-05-2026,🔴 High,No,🟡 Review
2026-08-18,Henley Passport Index,Henley & Partners,"UAE ranked #2 globally, up 8 spots",Index,2026,https://www.instagram.com/p/DVbLH1tiAMH/?hl=en,🔴 High,Yes,🟡 Review
2026-08-18,Brand Finance UAE 2026,Brand Finance,"ADNOC and Emirates brands ranked, UAE took 100th spot in a ranking",Ranking,2026,https://brandirectory.com/reports/uae/2026,🟠 Medium,No,🟡 Review
2026-08-18,Henley Passport Index,Henley & Partners,"UAE ranked #2 globally, sharing position with Japan and South Korea",Index,2026,https://www.instagram.com/reel/DYCmvshATcY/,🔴 High,Yes,🟡 Review
2026-08-18,The UAE: A Global Benchmark for Safety in 2026 It's official: In 2026 ...,,UAE described as safest country on Earth in 2026,Other,2026,https://www.instagram.com/reel/DVbylQgE25d/?hl=en,🟡 Low,No,🟡 Review
2026-08-18,Best Countries Ranking 2026,US News & World Report (implied),UAE ranked 10th globally,Ranking,2026,https://www.facebook.com/MydubaiiUAE/posts/uae-named-one-of-the-worlds-best-countries-for-2026-/1469033525245527/,🔴 High,No,🟡 Review
2026-08-18,Edelman Trust Barometer 2026,Edelman,"UAE included, no score visible in snippet",Index,2026,https://www.edelman.com/ae/trust/2026/trust-barometer,🟠 Medium,No,🟡 Review
2026-08-18,Edelman Trust Barometer 2026,Edelman,"UAE mentioned positively, no explicit rank in snippet",Index,2026,https://www.instagram.com/reel/DUD0bZNDd2y/,🟠 Medium,No,🟡 Review
2026-08-18,Edelman Trust Barometer 2026,Edelman,UAE ranked #1 globally for most trusted government,Index,2026,https://www.facebook.com/EmiratesNews/posts/the-uae-rose-to-number-one-in-the-2026-edelman-trust-barometer-report-up-from-th/911854841499669/,🔴 High,No,🟡 Review
2026-08-18,Edelman Trust Barometer 2026,Edelman,UAE ranked 1st globally for public trust in government,Index,2026,https://www.revueconflits.com/the-united-arab-emirates-when-trust-becomes-strategic-capital/,🔴 High,No,🟡 Review
2026-08-18,Edelman Trust Barometer 2026,Edelman,UAE highlighted for resilience in 2026 Edelman Trust Barometer,Index,2026,https://www.wam.ae/en/article/bygetya-edelman-trust-barometer-2026-uae-shows-greater,🔴 High,No,🟡 Review
2026-08-18,AI Jobs Barometer,PwC,UAE ranks among the fastest (in AI job metrics),Index,2026,https://www.pwc.com/m1/en/publications/ai-jobs-barometer-uae-2026.html,🔴 High,No,🟡 Review
2026-08-18,Edelman Trust Barometer,Edelman,UAE ranked #1 in the world for public trust in government,Index,2026,https://www.linkedin.com/posts/jean-pierre-palomba-marin-14508b162_in-2026-the-edelman-trust-barometer-ranked-activity-7491448427793248260-frXO,🔴 High,No,🟡 Review
2026-08-18,Biotechnology Innovation Scorecard,ThinkBiotech / Scientific American,UAE included in global biotechnology innovation scoring,Index,,https://www.thinkbiotech.com/globalbiotech/country/United+Arab+Emirates,🟠 Medium,No,🟡 Review
2026-08-18,How Dubai's safe-haven status is being put to the test,Reuters,Dubai mentioned in context of safe-haven status,Other,2026,https://www.reuters.com/world/middle-east/how-dubais-safe-haven-status-is-being-put-test-2026-03-02/,🟡 Low,No,🟡 Review
2026-08-18,IMF Country Reports – UAE,International Monetary Fund (IMF),UAE included in IMF country reports,Report,2026,https://www.imf.org/en/countries/are,🟡 Low,No,🟡 Review
2026-08-18,UAE Cognitive Assessment and Training Market,,UAE mentioned as market focus,Report,,https://www.linkedin.com/pulse/united-arab-emirates-uae-cognitive-assessment-rspgc/,🟡 Low,No,🟡 Review
2026-08-18,FATF Mutual Evaluation,FATF / MENAFATF,UAE scheduled for FATF assessment in 2026,Benchmark,2026,https://www.fatf-gafi.org/en/calendars/assessments.html,🟡 Low,No,🟡 Review
2026-08-18,Sovereign Credit Ratings,S&P Global Ratings,UAE rated AA/A-1+,Benchmark,2026,https://www.spglobal.com/ratings/en/regulatory/article/-/view/type/HTML/id/3527710,🟠 Medium,No,🟡 Review
2026-08-18,United Arab Emirates Business Climate Survey 2026,Business Sweden,"UAE included, Swedish companies benchmarked in UAE",Survey,2026,https://www.business-sweden.com/insights/reports/business-climate-surveys/forenade-arabemiraten-business-climate-survey-2026/,🟠 Medium,No,🟡 Review
2026-08-18,Acceptance and Readiness for AI Among UAE Residents,JMIR AI,UAE mentioned only,Survey,2026,https://ai.jmir.org/2026/1/e80173,🟡 Low,No,🟡 Review
2026-08-18,Good Life Index,Unknown,UAE leads Arab world in 2026 Good Life Index,Index,2026,https://www.instagram.com/reel/DVx6vKWk3ZN/,🔴 High,Yes,🟡 Review
2026-08-18,Prosperity Index 2026,Atlantic Council (attributed in post),UAE ranked 39 with score 80.4/100,Index,2026,https://www.instagram.com/reel/DbVU6r5k4TW/,🔴 High,Yes,🟡 Review
2026-08-18,IMD World Competitiveness Ranking 2026,IMD,UAE retains top 5 global competitiveness ranking,Ranking,2026,https://www.facebook.com/AletihadEn/posts/uae-retains-top-5-global-competitiveness-ranking-in-2026-imd-indexaletihadnewsce/910993902059667/,🔴 High,Yes,🟡 Review
2026-08-18,Gini Coefficient Index,World Economics,UAE Gini Coefficient Index is 63.1 (measured 2019),Index,2019,https://www.worldeconomics.com/Inequality/Gini-Year/United%20Arab%20Emirates.aspx,🟡 Low,No,🟡 Review
2026-08-18,Arab University Rankings 2026,Times Higher Education,British University in Dubai ranked 10th among Arab universities,Ranking,2026,https://www.timeshighereducation.com/world-university-rankings/2026/arab-university-rankings,🟠 Medium,No,🟡 Review
2026-08-18,IMD World Competitiveness Ranking 2026,IMD,"UAE featured in 2026 competitiveness report, no score visible in snippet",Ranking,2026,https://www.instagram.com/reel/DcJh6SgjrAy/,🟠 Medium,Yes,🟡 Review
2026-08-18,IMD World Competitiveness Ranking 2026,IMD,UAE's strengthened global position highlighted in 2026 competitiveness report,Ranking,2026,https://www.facebook.com/EmiratesNews/videos/the-2026-competitiveness-report-highlights-the-uaes-strengthened-global-position/1588082436151700/,🟠 Medium,Yes,🟡 Review
2026-08-18,IMD World Competitiveness Ranking 2026,IMD,"UAE ranks among world's five most competitive economies, score 94.1",Ranking,2026,https://www.instagram.com/p/DaEsFuLo8K-/,🔴 High,Yes,🟡 Review
2026-08-18,Climate Change Performance Index (CCPI) 2026,Climate Action Network / NewClimate Institute / Germanwatch,"UAE ranked 62nd, very low climate performer",Index,2026,https://ccpi.org/country/are/,🔴 High,No,🟡 Review
2026-08-18,Ratings Navigator - United Arab Emirates,Fitch Ratings,UAE included in sovereign ratings navigator benchmarking,Benchmark,2026,https://www.fitchratings.com/research/sovereigns/united-arab-emirates-ratings-navigator-02-06-2026,🟠 Medium,No,🟡 Review
2026-08-18,Brand Finance UAE 100 2026,Brand Finance,UAE top 100 brands ranked; banking sector highlighted,Ranking,2026,https://www.facebook.com/BrandFinance/posts/the-brand-finance-uae-100-2026-report-highlights-the-continued-strength-and-resi/1579975377470720/,🔴 High,No,🟡 Review
2026-08-18,UAE Banking Pulse Q1 2026,Alvarez & Marsal,UAE banking sector performance metrics reported,Report,2026,https://www.alvarezandmarsal.com/press-release/uae-banks-deliver-strong-q1-2026-performance-as-lending-growth-reaches-5-8,🟡 Low,No,🟡 Review
2026-08-18,QS World University Rankings 2027 / QS Best Student Cities 2027,Quacquarelli Symonds (QS),Eight UAE universities rise in QS rankings; UAE University at 217th; four UAE cities ranked in Best Student Cities,Ranking,2027,https://www.instagram.com/reel/DZ4TjqJIotg/,🔴 High,No,🟡 Review
2026-08-18,QS World University Rankings,QS Quacquarelli Symonds,UAE University ranked 217th globally,Ranking,2027,https://www.uaeu.ac.ae/en/media-center/news/june/united-arab-emirates-university-strengthens-its-global-standing-reaching-217th-in-qs-world-university-rankings-2027.shtml,🔴 High,No,🟡 Review
2026-08-18,QS World University Rankings,QS Quacquarelli Symonds,UAE universities listed with rankings,Ranking,2027,https://www.topuniversities.com/world-university-rankings?countries=ae,🔴 High,No,🟡 Review
2026-08-18,QS World University Rankings,QS Quacquarelli Symonds,UAE University ranked 217th (up from 229th),Ranking,2027,https://www.academicjobs.com/higher-education-news/uaeu-hits-217th-in-qs-rankings-2027-academicjobs-24503,🔴 High,No,🟡 Review
2026-08-18,Worldwide Governance Indicators,World Bank,UAE Government Effectiveness percentile rank at 95.28% (2023),Index,2023,https://tradingeconomics.com/united-arab-emirates/government-effectiveness-percentile-rank-wb-data.html,🟠 Medium,No,🟡 Review
2026-08-18,QS World University Rankings,QS Quacquarelli Symonds,UAE universities noted as continuing to improve performance,Ranking,2027,https://www.aralia.com/helpful-information/qs-world-university-rankings-2027/,🟠 Medium,No,🟡 Review
2026-08-18,UNIRANKS University Rankings,UNIRANKS,UAE University ranked 2nd in UAE with overall score 88.34,Ranking,2027,https://www.uniranks.com/ranking/top-country/united-arab-emirates,🔴 High,No,🟡 Review
2026-08-18,QS World University Rankings,QS Quacquarelli Symonds,"UAE University climbed to 217th globally, up 79 places since 2023",Ranking,2027,https://www.instagram.com/p/DZw0TIJGEKF/,🔴 High,No,🟡 Review
2026-08-18,Trends in International Mathematics and Science Study (TIMSS) 2027,IEA (International Association for the Evaluation of Educational Achievement),UAE and Abu Dhabi listed as participating entities,Index,2027,https://www.iea.nl/studies/iea/timss/timss2027,🟠 Medium,No,🟡 Review
2026-08-18,The UAE's economy is projected to grow 4.1% in 2027 and ...,,UAE economy projected to grow 4.1% in 2027,Report,2027,https://www.instagram.com/p/DZmRqeFn15H/,🟡 Low,No,🟡 Review
2026-08-18,IMF Data Mapper / Regional Economic Outlook,International Monetary Fund (IMF),UAE included with 26 economic indicators tracked 2000–2027,Report,2027,https://www.imf.org/external/datamapper/profile/ARE,🟠 Medium,No,🟡 Review
2026-08-18,"Women, Business and the Law (WBL)",World Bank,UAE listed as a country covered in WBL 2027 report,Index,2027,https://wbl.worldbank.org/,🟠 Medium,No,🟡 Review
2026-08-18,Government Trust Index,,UAE ranks first globally in Government Trust Index,Index,,https://www.instagram.com/p/DTtHJD3lC8L/,🔴 High,No,🟡 Review
2026-08-18,Country Risk Assessment - United Arab Emirates,Coface,UAE included in country risk and business environment analysis,Report,2027,https://www.coface.com/news-economy-and-insights/business-risk-dashboard/country-risk-files/united-arab-emirates,🟠 Medium,No,🟡 Review
2026-08-18,Net Migration Statistics,Trading Economics / Federal Reserve Data,UAE net migration data reported as -1.37000 people,Benchmark,2026,https://tradingeconomics.com/united-states/net-migration-for-the-united-arab-emirates-fed-data.html,🟡 Low,No,🟡 Review
2026-08-18,IMF/World Economic Outlook or similar economic forecast,Unknown (referenced via Al Etihad),UAE GDP growth projected at 4.1% (2027) and 4.2% (2028),Report,2027,https://www.facebook.com/AletihadEn/posts/the-uaes-economy-is-projected-to-grow-41-in-2027-and-42-in-2028-according-to-the/867866209705770/,🟠 Medium,No,🟡 Review
2026-08-18,Company Car and Commuting Benefits Survey Report,WTW (Willis Towers Watson),UAE-specific edition of the survey,Survey,2027,https://www.wtwrewardsdataintel.com/s/product/2027-company-car-and-commuting-benefits-survey-report-united-arab-emirates/01tP200000ZgRxLIAV,🟡 Low,No,🟡 Review
2026-08-18,UAE Gender Balance Survey 2027-2031,UAE Gender Balance Council,UAE launches national gender balance survey,Survey,2027,https://www.instagram.com/p/DcD8hBInFXa/,🟡 Low,No,🟡 Review
2026-08-18,Enterprise Surveys,World Bank Group,"UAE included in World Bank Enterprise Survey, procurement phase Q1 2027",Survey,2027,https://espanol.enterprisesurveys.org/en/project-schedule,🟠 Medium,No,🟡 Review
2026-08-18,UAE Gender Balance Strategy 2027-2031,UAE Gender Balance Council,UAE gender balance survey shaping national strategy,Survey,2027,https://www.facebook.com/EmiratiTimes/posts/the-uae-gender-balance-survey-has-gathered-public-views-to-help-shape-priorities/1366023845711258/,🟡 Low,No,🟡 Review
2026-08-18,UAE Gender Balance Survey 2027-2031,UAE Gender Balance Council,UAE launches national gender balance survey for 2027-2031 strategy,Survey,2027,https://mediaoffice.ae/en/news/2026/august/14-08/uae-gender-balance-council-launches-national-survey,🟡 Low,No,🟡 Review
2026-08-18,Survey on Health and Benefit Strategies for 2027,Mercer,"UAE listed as a locale/language option, no ranking or score",Survey,2027,https://www.mercer.com/en-us/insights/total-rewards/employee-benefits-strategy/survey-on-health-and-benefit-strategies-for-2027/,🟡 Low,No,🟡 Review
2026-08-18,Best Specialized Hospitals Middle East 2027,Newsweek,UAE included in regional hospital rankings,Ranking,2027,https://www.newsweek.com/best-specialized-hospitals-middle-east-2027-survey-12278570,🟠 Medium,No,🟡 Review
2026-08-18,Global Economic Outlook,World Bank,"UAE GDP growth forecast 5% in 2026, 5.1% in 2027, compared to regional peers",Report,2026,https://www.facebook.com/AletihadEn/posts/world-bank-uae-economy-to-grow-5-in-2026-51-in-2027-read-more-aletihadnewscenter/741383755687350/,🟠 Medium,No,🟡 Review
2026-08-18,QS World Future Skills Index,QS,UAE ranked 17th with score 83.8,Index,2027,https://www.qs.com/world-future-skills-index/2027,🔴 High,No,🟡 Review
2026-08-18,QS World University Rankings,QS,Eight UAE universities achieved success in QS World Rankings 2027,Ranking,2027,https://www.tiktok.com/@aletihaden/video/7654120327374589191,🔴 High,No,🟡 Review
2026-08-18,S&P Sovereign Credit Rating - UAE,S&P Global,UAE credit rating reviewed with economic outlook commentary,Benchmark,2026,https://www.spglobal.com/ratings/en/regulatory/article/-/view/sourceId/101673131,🟠 Medium,No,🟡 Review
2026-08-18,UAE Market Overview,U.S. International Trade Administration,UAE described as top U.S. export market in Middle East and Africa since 2009,Report,,https://www.trade.gov/knowledge-product/united-arab-emirates-market-overview,🟡 Low,No,🟡 Review
2026-08-18,Trafficking in Persons Report,U.S. Department of State / Congressional Research Service,UAE mentioned in context of U.S. policy issues and Trafficking in Persons Report 2025,Report,2025,https://www.congress.gov/crs-product/RS21852,🟡 Low,No,🟡 Review
2026-08-18,Global Soft Power Index 2026,Brand Finance,"UAE ranked in top 10 globally, fourth consecutive year",Index,2026,https://www.facebook.com/EmiratesNews/videos/the-uae-has-secured-its-place-among-the-worlds-top-10-in-the-2026-global-soft-po/2431470274342252/,🔴 High,Yes,🟡 Review
2026-08-18,Environmental Performance Index 2026,,UAE leads Arab world in Environmental Performance Index 2026,Index,2026,https://www.emirates247.com/uae/uae-leads-arab-world-in-2026-environmental-performance-index/3523,🔴 High,Yes,🟡 Review
2026-08-18,Brand Finance Global Soft Power Index 2026,Brand Finance,UAE ranked 10th,Index,2026,https://brandfinance.com/press-releases/brand-finance-global-soft-power-index-2026-the-uae-maintains-10th-place-as-western-nations-decline,🔴 High,No,🟡 Review
2026-08-18,Expat Insider 2026,InterNations,UAE ranked 4th best country for expats,Ranking,2026,https://www.facebook.com/theuaetimes/videos/the-uae-has-been-ranked-the-4th-best-country-in-the-world-for-expats-in-the-2026/1062687426458157/,🔴 High,No,🟡 Review
2026-08-18,Atlantic Council Prosperity Index 2026,Atlantic Council,UAE ranked highest-performing Arab nation; also mentions IQ test ranking,Index,2026,https://www.instagram.com/reel/Db8CGc6jDfS/,🟠 Medium,No,🟡 Review
2026-08-18,IMD World Competitiveness Ranking 2026,IMD,UAE ranked 5th with score of 94.1,Ranking,2026,https://www.instagram.com/p/Daz8ppwiayV/,🔴 High,Yes,🟡 Review
2026-08-18,UAE 2026: Setting a Global Benchmark in Child Digital ...,Kashwani Law,UAE mentioned in context of child digital safety law,Report,2026,https://kashwanilaw.com/blogs/uae-2026-setting-a-global-benchmark-in-child-digital-safety-and-tech-regulation,🟡 Low,No,🟡 Review
2026-08-18,Edelman Trust Barometer,Edelman,"UAE Trust Barometer launched in Abu Dhabi, UAE narrative shared",Index,2026,https://www.linkedin.com/posts/edelman_last-week-in-abu-dhabi-we-launched-the-2026-activity-7424053572444708864-m2ja,🟠 Medium,No,🟡 Review
2026-08-18,Edelman Trust Barometer Special Report: Trust and Health,Edelman,UAE respondents ranked most confident in making health decisions,Survey,2026,https://www.instagram.com/p/DZZnhGSCMUb/,🟠 Medium,No,🟡 Review
2026-08-18,C-Suite Barometer,Forvis Mazars,UAE edition of C-suite barometer included,Survey,2026,https://www.forvismazars.com/ae/en/insights/c-suite-barometer/c-suite-barometer-outlook-2026,🟠 Medium,No,🟡 Review
2026-08-18,AI Jobs Barometer,PwC,UAE ranked #13 globally out of 27 countries for AI hiring,Index,2026,https://aihrdaily.com/article/uae-ai-hiring-rank-13-pwc-2026-barometer,🔴 High,No,🟡 Review
2026-08-18,UAE Proliferation Financing National Risk Assessment,UAE Government,UAE-specific national risk assessment report,Report,2026,https://www.linkedin.com/posts/jayan-rajpurohit_uae-pf-nra-2026-activity-7458417479325810689-IP5k,🟡 Low,No,🟡 Review
2026-08-18,FATF Mutual Evaluation UAE 2026,FATF / Themis,UAE undergoing FATF Mutual Evaluation in 2026,Report,2026,https://www.wearethemis.com/uk/resources/publications/preparing-for-fatf-mutual-evaluation-uae-2026,🟡 Low,No,🟡 Review
2026-08-18,Credit FAQ: UAE Adapting to Middle East War Effects,S&P Global Ratings,UAE discussed in credit/economic context,Report,2026,https://www.spglobal.com/ratings/en/regulatory/article/credit-faq-how-the-uae-is-adapting-to-and-recovering-from-the-effects-of-the-middle-east-war-s101689094,🟡 Low,No,🟡 Review
2026-08-18,"UAE Outlook 2026: Resilient Growth, Talent Expansion, and Global ...",,UAE mentioned as global financial hub with talent and investment outlook,Other,2026,https://www.linkedin.com/pulse/uae-outlook-2026-resilient-growth-talent-expansion-global-investment-g8hkf,🟡 Low,No,🟡 Review
2026-08-18,Middle East Economy Watch,PwC,UAE mentioned in regional economic watch publication,Report,2026,https://www.pwc.com/m1/en/publications/middle-east-economy-watch/may-2026.html,🟡 Low,No,🟡 Review
2026-08-18,Unlock the future of United Arab Emirates' economy,Oxford Economics,UAE 2026 federal budget and growth discussed,Report,2026,https://www.oxfordeconomics.com/united-arab-emirates/,🟡 Low,No,🟡 Review
2026-08-18,UAE Economy Set for 5% Growth in 2026: Key Implications,Middle East Briefing,UAE projected 5% GDP growth in 2026,Report,2026,https://www.middleeastbriefing.com/news/uae-economy-set-for-5-growth-in-2026-implications/,🟡 Low,No,🟡 Review
2026-08-18,Moody's Ratings Reports,Moody's,UAE entities covered in Moody's rating actions,Report,2026,https://www.moodys.com/researchandratings/region/middle-east/united-arab-emirates/0420B9,🟡 Low,No,🟡 Review
2026-08-18,"Digital Business Services Priorities of Organizations in the UAE, 2026",IDC,UAE-specific survey on digital business services priorities,Survey,2026,https://my.idc.com/getdoc.jsp?containerId=META54418326,🟡 Low,No,🟡 Review
2026-08-18,Freedom and Prosperity Indexes,Atlantic Council,UAE ranked 39th globally with Prosperity Index score of 80.4; also ranked 13th in Global Human Prosperity Index,Index,2026,https://www.instagram.com/reel/DXV1Y1KiHHi/,🔴 High,Yes,🟡 Review
2026-08-18,Global Telecom Health Index,Kearney,UAE ranked 1st in Kearney's inaugural Global Telecom Health Index 2026,Index,2026,https://www.facebook.com/AletihadEn/posts/the-uae-topped-kearneys-inaugural-global-telecom-health-index-for-2026-followed-/919933554499035/,🔴 High,No,🟡 Review
2026-08-18,Global Soft Power Index,Brand Finance,UAE ranked top 10 in Global Soft Power Index 2026 for fourth consecutive year,Index,2026,https://affinitasdmcc.com/uae-global-soft-power-index-2026/,🔴 High,Yes,🟡 Review
2026-08-18,Times Higher Education World University Rankings,Times Higher Education,University of Sharjah tops UAE universities in 4 disciplines in Times Global Ranking 2026,Ranking,2026,https://www.sharjah.ac.ae/News/University-of-Sharjah-Tops-UAE-Universities-in-4-Disciplines-in-the-Times-Global-Ranking-2026,🟠 Medium,No,🟡 Review
2026-08-18,2026 Will Redefine Competitiveness in the UAE | Pedro Lacerda - LinkedIn,,UAE mentioned in context of competitiveness and workforce strategy,Other,2026,https://www.linkedin.com/posts/pedro-lacerda-bb5105a_2026-will-redefine-competitiveness-in-the-activity-7402595083377827840-1WrY,🟡 Low,No,🟡 Review
2026-08-18,IMD World Competitiveness Summit,IMD,UAE Founding Institutional Partner of 2026 IMD World Competitiveness Summit,Other,2026,https://www.facebook.com/UAE.Forsan/posts/uae-founding-institutional-partner-of-2026-imd-world-competitiveness-summitthe-f/1033686429005957/,🟡 Low,Yes,🟡 Review
2026-08-18,IMD World Competitiveness Ranking,IMD,"UAE scored 94.10 in 2026, down from 96.10 in 2025",Ranking,2026,https://statbase.org/data/are-world-competitiveness-ranking/,🔴 High,Yes,🟡 Review
2026-08-18,Tourism Performance Report January 2026,Dubai Department of Economy and Tourism,Dubai-specific tourism performance data for January 2026,Report,2026,https://www.dubaidet.gov.ae/en/research-and-insights/tourism-performance-report-january-2026,🟡 Low,No,🟡 Review
2026-08-18,KPMG UAE Tech Report 2026,KPMG,UAE-focused technology report,Report,2026,https://kpmg.com/ae/en/insights/ai-and-technology/kpmg-uae-tech-report-2026.html,🟡 Low,No,🟡 Review
2026-08-18,State of Venture Capital in UAE Q1 2026,MAGNiTT,UAE deal activity fell 45% YoY in Q1 2026; funding reached record Q1 high,Report,2026,https://magnitt.com/research/q1-2026-state-of-venture-capital-uae-51041,🟠 Medium,No,🟡 Review
2026-08-18,QS World Future Skills Index,QS (Quacquarelli Symonds),UAE ranked 17th globally and 1st regionally,Index,2027,https://emiratitimes.com/uae-rises-to-17th-globally-in-qs-world-future-skills-index-2027/,🔴 High,No,🟡 Review
2026-08-18,QS World Future Skills Index,QS Quacquarelli Symonds,"UAE ranked in top 20 globally, topping the region",Index,2027,https://gulfnews.com/uae/education/uae-ranks-among-worlds-top-20-for-future-ready-education-1.500609986,🔴 High,No,🟡 Review
2026-08-18,QS World Future Skills Index,QS Quacquarelli Symonds,"UAE ranked in top 20 globally, topping the region",Index,2027,https://www.facebook.com/GulfNews.UAE/posts/uae-ranks-among-worlds-top-20-in-qs-world-future-skills-index-2027-topping-the-r/1487788336712874/,🔴 High,No,🟡 Review
2026-08-18,QS World University Rankings,QS Quacquarelli Symonds,UAE universities hit record highs; Khalifa University breaks into global top 150,Ranking,2027,https://gulfnews.com/uae/education/uae-universities-hit-record-qs-rankings-2027-eight-institutions-achieve-all-time-highs-1.500578559,🔴 High,No,🟡 Review
2026-08-18,QS World University Rankings,QS Quacquarelli Symonds,University of Birmingham Dubai campus context; parent university ranked 68th globally,Ranking,2027,https://www.facebook.com/unibirminghamdubai/videos/were-proud-to-share-that-the-university-of-birmingham-is-now-ranked-68th-globall/1813003710074907/,🟠 Medium,No,🟡 Review
2026-08-18,QS World University Rankings,QS Quacquarelli Symonds,UAE and Saudi Arabia universities ranked among top 40 in GCC; one UAE university ranked 213th worldwide,Ranking,2027,https://www.arabianbusiness.com/business/education/40-best-universities-in-the-gcc-2027-saudi-arabia-uae,🟠 Medium,No,🟡 Review
2026-08-18,Global Ranking of Transnational Universities (GRTU),QRNW,Swiss International University ranked #1 in UAE within GRTU 2027,Ranking,2027,https://www.swissuniversity.com/post/swiss-international-university-siu-ranked-1-in-the-uae-by-qrnw-global-ranking-of-transnational-un,🟠 Medium,No,🟡 Review
2026-08-18,Abu Dhabi is setting a global benchmark: becoming the world's ...,,Abu Dhabi mentioned as aiming to be first AI-native government,Other,2027,https://www.instagram.com/reel/DQ3eqVxjKKj/,🟡 Low,No,🟡 Review
2026-08-18,Edelman Trust Barometer 2026,Edelman,UAE scored 80 in the 2026 Edelman Trust Barometer,Index,2026,https://www.instagram.com/reel/DYR7WP0MI27/,🟠 Medium,No,🟡 Review
2026-08-18,Edelman Trust Barometer 2026,Edelman,UAE's global leadership highlighted in Edelman Trust Barometer 2026,Index,2026,https://www.facebook.com/UAE.Forsan/posts/edelman-trust-barometer-2026-highlights-uaes-global-leadership-in-health-trust-a/1017641747277092/,🟠 Medium,No,🟡 Review
2026-08-18,AI Jobs Barometer 2026,PwC,UAE ranked #13 globally in AI hiring,Index,2026,https://www.linkedin.com/posts/aihrdaily_aiinhr-hrtech-futureofwork-activity-7492815812676792321-L9Ez,🔴 High,No,🟡 Review
2026-08-18,Global AI Jobs Barometer 2026,PwC,UAE businesses benchmarked on AI/automation transformation,Report,2026,https://www.facebook.com/ForbesMENA.English/videos/a-new-pwc-report-suggests-businesses-in-the-uae-have-moved-beyond-experimenting-/1561271495627071/,🟠 Medium,No,🟡 Review
2026-08-18,"The UAE just dropped its 2026 scorecard, and it's a masterclass in ...",,UAE 2026 scorecard mentioned generally,,2026,https://www.instagram.com/p/Dbpcw1igGfb/,🟡 Low,No,🟡 Review
2026-08-18,UAE Gender Balance Survey,UAE Gender Balance Council,UAE mentioned as subject of survey,Survey,2027,https://x.com/EmiratiTimes/status/2088504741907321018,🟡 Low,No,🟡 Review
2026-08-18,QS World Future Skills Index,QS Quacquarelli Symonds,"UAE ranked 17th globally, 1st regionally, score 86.5",Index,2027,https://economymiddleeast.com/news/uae-ranks-first-regionally-rises-12-places-to-17th-globally-with-86-5-score-in-qs-future-skills-index-2027/,🔴 High,No,🟡 Review
2026-08-18,Greenfield FDI Performance Index,fDi Intelligence,UAE ascends to top of FDI outperformer ranking,Index,,https://www.fdiintelligence.com/content/6ea0c454-9cf9-5b3c-8174-8f7d4a5bc203,🔴 High,Yes,🟡 Review
2026-08-18,QS World University Rankings,QS Quacquarelli Symonds,Khalifa University ranked 147th globally out of 1500 institutions,Ranking,2027,https://www.ku.ac.ae/khalifa-university-climbs-to-147th-spot-globally-out-of-1500-institutions-in-qs-world-university-rankings-2027,🔴 High,No,🟡 Review
2026-08-18,QS World University Rankings,QS Quacquarelli Symonds,Ajman University enters top 400 globally,Ranking,2027,https://www.ajman.ac.ae/en/news/2026/ajman-university-enters-worlds-top-400-in-qs-world-university-rankings-2027,🔴 High,No,🟡 Review
2026-08-18,Press Releases,FCSC,UAE mentioned in context of global competitiveness discussions,,,https://fcsc.gov.ae/index.php/press-release?e-page-6706913=14&e-page-176b1ad=30&e-page-e8b0ff1=11&e-page-1e9848e=4&e-page-5264904=2,🟡 Low,No,🟡 Review
2026-08-18,UAE Tourism Competitiveness Study,,UAE tourism competitiveness examined from business perspective,Report,2019,https://www.sciencedirect.com/science/article/abs/pii/S2211973619300133,🟡 Low,No,🟡 Review
2026-08-18,UAE Finance Strategy 2027–2029,UAE Government,UAE mentioned as subject of national finance strategy,Report,2027,https://www.linkedin.com/posts/expect-solutions_uae-launches-new-finance-strategy-centered-activity-7476198533721870336-naCh,🟡 Low,No,🟡 Review
2026-08-18,BCG Intelligent Cities Index 2026 / IMD Smart City Index 2026,Boston Consulting Group / IMD,"Dubai #2 globally (BCG Intelligent Cities Index); Dubai #6, Abu Dhabi #10 (IMD Smart City Index); Dubai #1 for AI adoption",Index,2026,https://www.instagram.com/reel/Dbad7p_ksuD/,🔴 High,Yes,🟡 Review
2026-08-18,Global Financial Centres Index 2026,Z/Yen / China Development Institute,Dubai ranked 7th global financial hub,Index,2026,https://www.linkedin.com/posts/giproperties_the-2026-global-financial-centres-index-confirms-activity-7450090305661382656-fxMt,🔴 High,No,🟡 Review
2026-08-18,uniRank University Ranking 2026,uniRank,"Dubai universities ranked locally, no global UAE score visible",Ranking,2026,https://www.unirank.org/ae/dubai/,🟡 Low,No,🟡 Review
2026-08-18,Global Talent Barometer 2026,ManpowerGroup,UAE office listed; report covers workforce insights relevant to UAE,Survey,2026,https://www.manpowergroup.ae/workforce-insights/2026-global-talent-barometer,🟠 Medium,No,🟡 Review
2026-08-18,Business Breakthrough Barometer 2026,Bain & Company,Dubai mentioned only as an office location,Survey,2026,https://www.bain.com/insights/business-breakthrough-barometer-2026/,🟡 Low,No,🟡 Review
2026-08-18,BCG Intelligent Cities Index 2026,Boston Consulting Group (BCG),"Dubai ranked 2nd globally, 1st in Adoption category",Index,2026,https://www.instagram.com/reel/DbYkjCyi941/,🔴 High,No,🟡 Review
2026-08-18,The Global 50 Report 2025,Dubai Future Foundation,"UAE/Dubai publisher, report on global megatrends",Report,2025,https://www.dubaifuture.ae/the-global-50/,🟠 Medium,No,🟡 Review
2026-08-18,IMD Smart City Index 2026,IMD / BCG,Dubai and Abu Dhabi both in global top 10,Index,2026,https://www.facebook.com/ForbesMENA.English/posts/bcgs-inaugural-intelligent-cities-index-2026-ranks-61-of-the-worlds-largest-citi/1621855979950289/,🔴 High,Yes,🟡 Review
2026-08-18,GIRAI Global Index 2026,GIRAI (Global Index on Responsible AI),"UAE included with documented evidence items, no explicit rank/score visible",Index,2026,https://www.global-index.ai/countries/ARE,🟠 Medium,No,🟡 Review
2026-08-18,Global Knowledge Index 2026,,UAE/Dubai mentioned in context of global knowledge transformation,Index,2026,https://www.instagram.com/p/DbqCXrQj6b6/,🟠 Medium,No,🟡 Review
2026-08-18,Global Financial Centres Index,,"Dubai ranked 7th globally, highest-ever ranking",Index,2026,https://mediaoffice.ae/en/news/2026/march/26-03/dubai-global-financial-centres-index,🔴 High,No,🟡 Review
2026-08-18,Times Higher Education World University Rankings 2026,Times Higher Education,Heriot-Watt University Dubai campus mentions rankings,Ranking,2026,https://www.hw.ac.uk/dubai/study/our-rankings,🟡 Low,No,🟡 Review
2026-08-18,World's Best Countries to Live and Work In 2026,,"UAE among world's best countries, retains highest-ranked position",Ranking,2026,https://www.facebook.com/UAE.Forsan/posts/uae-one-of-the-worlds-best-countries-to-live-and-work-in-2026/1073603938347539/,🟠 Medium,No,🟡 Review
2026-08-18,2026 Competitiveness Report,Unknown (possibly IMD or WEF),"UAE competitiveness highlighted, numeric ranking implied",Index,2026,https://fastcompanyme.com/news/uae-strengthens-global-competitiveness-as-dubai-customs-accelerates-trade-and-digital-transformation/,🔴 High,No,🟡 Review
2026-08-18,Dubai Tourism Statistics 2026,Tourism Analytics,Dubai tourism data mentioned,Report,2026,https://tourismanalytics.com/dubai-statistics.html,🟡 Low,No,🟡 Review
2026-08-18,QS World University Rankings,QS (Quacquarelli Symonds),"University of Dubai ranked #781-790 globally, climbed 100 places",Ranking,2027,https://blog.uaehumanjourney.com/en/2026/07/07/university-of-dubai-climbs-100-places-globally-in-qs-2027-rankings/,🔴 High,No,🟡 Review
2026-08-18,QS World University Rankings,QS (Quacquarelli Symonds),"UAE University ranked #217 globally in 2027, up from #296 in 2023; multiple UAE universities mentioned",Ranking,2027,https://www.studyfromuae.com/blogs/uae-universities-ranked-qs-rankings,🔴 High,No,🟡 Review
2026-08-18,QS Best Student Cities,QS (Quacquarelli Symonds),Dubai ranked #5 globally in Student Voice category,Ranking,2027,https://www.linkedin.com/posts/ismail-farag_analysis-on-best-student-city-ranking-and-activity-7493065549678194688--O5g,🔴 High,No,🟡 Review
2026-08-18,QS World University Rankings,QS (Quacquarelli Symonds),University of Dubai ranked #781 globally in 2027,Ranking,2027,https://www.shiksha.com/studyabroad/uae/universities/university-of-dubai/ranking,🔴 High,No,🟡 Review
2026-08-18,QS World University Rankings,QS Quacquarelli Symonds,University of Dubai ranked 781–790 band globally,Ranking,2027,https://www.facebook.com/universityofdubai/posts/-rising-higher-reaching-furtherthe-university-of-dubai-continues-its-upward-traj/1449540360550102/,🔴 High,No,🟡 Review
2026-08-18,QS Best Student Cities,QS Quacquarelli Symonds,"Dubai ranked 79th overall, 5th worldwide for Student Experience",Ranking,2027,https://www.instagram.com/reel/DaF5X8EqScz/,🔴 High,No,🟡 Review
2026-08-18,QS Best Student Cities,QS Quacquarelli Symonds,"Dubai ranks 79th, Sharjah ranks 80th",Ranking,2027,https://www.qs.com/insights/best-student-cities,🔴 High,No,🟡 Review
2026-08-18,Global Competitiveness Indicators,Unknown,Dubai tops global competitiveness indicators,Index,,https://www.dm.gov.ae/dubai-tops-the-most-prestigious-global-competitiveness-indicators/,🟠 Medium,Yes,🟡 Review
2026-08-18,2026 Competitiveness Report,,UAE rises in 2026 Competitiveness Report,Report,2026,https://www.instagram.com/reel/DEp1iKTtZcF/?hl=en,🟡 Low,No,🟡 Review
2026-08-18,Most Liveable Cities Index,,Abu Dhabi named Middle East's most liveable city for 2026,Ranking,2026,https://www.facebook.com/AletihadEn/videos/abu-dhabi-named-middle-easts-most-liveable-city-for-2026aletihadnewscenter-uae-a/2063473717585113/,🟠 Medium,No,🟡 Review
2026-08-18,Smart City Index 2026,,"Dubai and Abu Dhabi both in top 10, scores above 0.76 in technology",Index,2026,https://cairoscene.com/News/Dubai-and-Abu-Dhabi-in-Top-10-of-2026-Smart-City-Index,🔴 High,Yes,🟡 Review
2026-08-18,Stanford AI Index 2026,Stanford University,UAE and Abu Dhabi highlighted for strong progress in AI adoption and institutional readiness,Report,2026,https://www.facebook.com/dgeabudhabi/posts/the-2026-stanford-ai-index-report-highlights-the-uae-and-abu-dhabi-for-strong-pr/961824823210566/,🟠 Medium,No,🟡 Review
2026-08-18,World University Rankings / Sustainability Impact Ratings,Times Higher Education (THE),Abu Dhabi University ranked 301-400 in Sustainability Impact Ratings 2026,Ranking,2026,https://www.timeshighereducation.com/world-university-rankings/abu-dhabi-university,🟠 Medium,No,🟡 Review
2026-08-18,Abu Dhabi Maritime Awards,,Abu Dhabi Maritime Awards mentioned as benchmarking platform,Other,2026,https://www.instagram.com/reel/Dbk0V1xlFtL/,🟡 Low,No,🟡 Review
2026-08-18,5th Abu Dhabi Smart City Summit | Home Page,,Abu Dhabi described as global benchmark for smart city development,Other,2026,https://smartabudhabisummit.com/,🟡 Low,No,🟡 Review
2026-08-18,Edelman Trust Barometer,Edelman,UAE included in global trust survey findings,Survey,2026,https://www.zawya.com/en/press-release/research-studies/2026-edelman-trust-barometer-finds-trust-under-strain-amid-global-insularity-366968,🟠 Medium,No,🟡 Review
2026-08-18,AI Adoption Barometer,startAD / Google,Abu Dhabi-based startAD launches AI adoption barometer,Benchmark,2026,https://nyuad.nyu.edu/en/news/latest-news/community-life/2026/july/startad-launches-google-ai-adoption-barometer.html,🟠 Medium,No,🟡 Review
2026-08-18,Transition Assessment,Sustainable Fitch,Abu Dhabi National Energy Company (TAQA) assessed,Benchmark,2026,https://www.sustainablefitch.com/corporate-finance/sustainable-fitch-assigns-taqa-transition-assessment-outcome-of-progressing-transition-27-03-2026,🟡 Low,No,🟡 Review
2026-08-18,Fitch Sovereign Credit Rating,Fitch Ratings,Abu Dhabi affirmed at 'AA' with Stable Outlook,Benchmark,2026,https://www.fitchratings.com/research/sovereigns/fitch-affirms-abu-dhabi-at-aa-outlook-stable-01-05-2026,🟠 Medium,No,🟡 Review
2026-08-18,S&P Sovereign Credit Rating,S&P Global Ratings,Abu Dhabi affirmed at 'AA/A-1+' ratings,Benchmark,2026,https://www.spglobal.com/ratings/en/regulatory/article/-/view/type/HTML/id/3527720,🟠 Medium,No,🟡 Review
2026-08-18,Quality of Life Survey,Abu Dhabi Department of Community Development (DCD),Abu Dhabi quality of life findings shared,Survey,,https://addcd.gov.ae/Media-Center/News/DCD-shares-findings-from-6th-Quality-of-Life-Survey-in-Abu-Dhabi,🟡 Low,No,🟡 Review
2026-08-18,Best City in the World for Founders/Entrepreneurs Ranking,Hub71 (citing external ranking),"Abu Dhabi ranked #1 globally for entrepreneurs, scoring 85.45",Ranking,2026,https://www.hub71.com/latest-news/blog/why-abu-dhabi-is-the-worlds-1-city-for-founders-in-2026,🔴 High,No,🟡 Review
2026-08-18,BCG Intelligent Cities Index / IMD Smart City Index,BCG / IMD,Dubai and Abu Dhabi in global top 10 of IMD Smart City Index; UAE/Saudi dominated BCG Intelligent Cities Index 2026,Index,2026,https://www.facebook.com/EconomyMiddleEast/posts/the-uae-and-saudi-arabia-dominated-the-2026-bcg-intelligent-cities-index-with-se/1063358352867096/,🔴 High,Yes,🟡 Review
2026-08-18,EIU Global Liveability Index,Economist Intelligence Unit (EIU),Abu Dhabi ranked most liveable city in MENA in 2026 edition,Index,2026,https://psinv.net/en/blog/why-abu-dhabi-remains-the-most-liveable-city-in-mena-in-2026,🔴 High,No,🟡 Review
2026-08-18,Times Higher Education Impact Rankings,Times Higher Education (THE),Sorbonne University Abu Dhabi recognised in THE Impact Rankings 2026,Ranking,2026,https://www.sorbonne.ae/en/news/sorbonne-university-abu-dhabi-recognised-in-times-higher-education-impact-rankings-2026,🟠 Medium,No,🟡 Review
2026-08-18,QS World University Rankings,Quacquarelli Symonds (QS),Abu Dhabi University ranked #391 globally in QS World University Rankings 2026,Ranking,2026,https://www.instagram.com/reel/DXzMC2qNr93/,🟠 Medium,No,🟡 Review
2026-08-18,QS World University Rankings by Subject,Quacquarelli Symonds (QS),Abu Dhabi University ranked top 151-200 globally in Business and Management Studies 2026,Ranking,2026,https://www.adu.ac.ae/about-adu/our-profile1/ranking,🟠 Medium,No,🟡 Review
2026-08-18,CWUR World University Rankings,Center for World University Rankings (CWUR),"NYU Abu Dhabi ranked 1063 out of 21,291 globally in CWUR 2026",Ranking,2026,https://cwur.org/2026/new-york-university-abu-dhabi.php,🟠 Medium,No,🟡 Review
2026-08-18,QS World University Rankings,QS Quacquarelli Symonds,Abu Dhabi University ranked 348th globally,Ranking,2027,https://www.adu.ac.ae/news-and-events/news/detail/2026/06/18/abu-dhabi-university-advances-43-places-to-rank-348th-globally-in-qs-world-university-rankings-2027,🔴 High,No,🟡 Review
2026-08-18,QS Best Student Cities,QS Quacquarelli Symonds,"Abu Dhabi ranked #72, Al Ain ranked 109th",Ranking,2027,https://www.instagram.com/p/DbDfrj6jcLh/,🔴 High,No,🟡 Review
2026-08-18,Best Global Universities Rankings,US News & World Report,Abu Dhabi University ranked #673 globally,Ranking,2027,https://www.usnews.com/education/best-global-universities/abu-dhabi-university-512067,🔴 High,No,🟡 Review
2026-08-18,QS Best Student Cities,QS Quacquarelli Symonds,"Abu Dhabi #72, Sharjah #80, Al Ain #109",Ranking,2027,https://www.instagram.com/reel/DUBYhYrgolD/?hl=en,🔴 High,No,🟡 Review
2026-08-18,Global University Rankings,UniRanks,"NYU Abu Dhabi ranked #2,198 globally, #838 regionally, #10 in country",Ranking,2027,https://www.uniranks.com/universities/nyu-abu-dhabi,🟠 Medium,No,🟡 Review
2026-08-18,Abu Dhabi is set to be the world's first completely AI‑native ...,,Abu Dhabi mentioned as future AI-native government,Other,2027,https://www.facebook.com/TribuneTrends/posts/abu-dhabi-is-set-to-be-the-worlds-first-completely-ainative-government-by-2027-w/122230494032252649/,🟡 Low,No,🟡 Review
2026-08-18,"Abu Dhabi, Oracle, and NVIDIA Set a Global Benchmark for ...",Oracle / NVIDIA,Abu Dhabi described as setting a global benchmark for AI government,Other,2027,https://completeaitraining.com/news/abu-dhabi-oracle-and-nvidia-set-a-global-benchmark-for/,🟡 Low,No,🟡 Review
2026-08-18,Abu Dhabi's AI-powered government: A global benchmark,,Abu Dhabi described as global benchmark for AI-powered government,Other,2027,https://www.linkedin.com/posts/nadal-sarkytbayev_abu-dhabi-set-to-become-the-worlds-first-activity-7321221810379710465-ms76,🟡 Low,No,🟡 Review
2026-08-18,Inside Abu Dhabi's race to build an AI-native government,Fast Company ME,Abu Dhabi mentioned for AI-native government strategy,Other,2027,https://fastcompanyme.com/technology/inside-abu-dhabis-race-to-build-an-ai-native-government/,🟡 Low,No,🟡 Review
2026-08-18,Abu Dhabi is setting a global benchmark ...,,Abu Dhabi described as setting a global benchmark for AI-native government,Other,2027,https://www.instagram.com/p/DXjtTwnmYfM/,🟡 Low,No,🟡 Review
2026-08-18,AI Adoption Barometer,startAD,Abu Dhabi mentioned in context of AI adoption barometer launch,Benchmark,,https://www.facebook.com/startupsceneME/posts/abu-dhabi-based-startup-accelerator-startad-has-launched-an-ai-adoption-baromete/1438394508310004/,🟡 Low,No,🟡 Review
2026-08-18,Abu Dhabi Forum: AI and Governance for a Data-Driven ...,,Abu Dhabi mentioned as digital governance leader,Other,,https://www.linkedin.com/posts/muna-alhammadi-a142611a6_lets-talk-about-abu-dhabi-digital-excellence-activity-7300815573821587457-Fawy,🟡 Low,No,🟡 Review
2026-08-18,Longevity Intervention Scorecard,Abu Dhabi Department of Health (DOH),Abu Dhabi released a longevity intervention scorecard,Benchmark,,https://www.linkedin.com/posts/seanfrobertson_doh-healthy-longevity-medicine-jawda-guidance-activity-7474741169638477824-tsAe,🟡 Low,No,🟡 Review
2026-08-18,Abu Dhabi Award for Excellence in Government Performance,Abu Dhabi Government,Abu Dhabi mentioned in context of AI-native government ambition,Other,2027,https://www.facebook.com/UAE.Forsan/posts/abu-dhabi-award-for-excellence-in-government-performance-integrates-ai-in-new-mo/970207998687134/,🟡 Low,No,🟡 Review
2026-08-18,Abu Dhabi Digital Strategy,Abu Dhabi Digital Government,Abu Dhabi announced as target for world's first fully AI-native government by 2027,Report,2027,https://www.dge.gov.ae/en/news/adg-digital-strategy,🟡 Low,No,🟡 Review
2026-08-18,UAE Gender Balance Strategy 2027–2031 Survey,UAE Gender Balance Council,UAE Gender Balance Council launches survey for 2027–2031 strategy,Survey,2027,https://emiratitimes.com/uae-gender-balance-survey-2027-2031-strategy/,🟡 Low,No,🟡 Review
2026-08-18,UAE Gender Balance Strategy 2027–2031 Survey,UAE Gender Balance Council,UAE Gender Balance Council launches survey for 2027–2031 strategy,Survey,2027,https://abudhabi.news/posts/uae-gender-balance-council-launches-survey-for-2027-2031-strategy,🟡 Low,No,🟡 Review
2026-08-18,Confidence in #UAE #economy remains high despite regional ...,,UAE economy growth figures cited for 2027–2028,,2027,https://www.instagram.com/reel/DYNQU0ooFns/,🟡 Low,No,🟡 Review
2026-08-18,QS World University Rankings 2027,Quacquarelli Symonds (QS),Abu Dhabi University ranked 348 globally,Ranking,2027,https://www.studyfromuae.com/blogs/abu-dhabi-university-ranking,🔴 High,No,🟡 Review
2026-08-18,Abu Dhabi Construction Report 2026,Abu Dhabi Chamber,Abu Dhabi featured in construction report,Report,2026,https://www.instagram.com/reel/DaVHo_csAvo/,🟠 Medium,No,🟡 Review
2026-08-18,Global Startup Ecosystem Report,Startup Genome,Abu Dhabi included and benchmarked in global startup ecosystem report,Report,,https://startupgenome.com/ecosystems/abu-dhabi,🟠 Medium,No,🟡 Review
2026-08-18,Global Regulatory Innovation Platform,World Economic Forum,UAE mentioned as case study for AI-powered regulatory system,Report,,https://initiatives.weforum.org/global-regulatory-innovation-platform/knowledge-hub/the-uae's-regulatory-intelligence-ecosystem:-redesigning-lawmaking-before-the-rules-fall-behind/aJYTG0000001L0n4AE,🟡 Low,No,🟡 Review
2026-08-18,Gulf nations: Adjusting to the global economic realignment,World Economic Forum,UAE mentioned as host of top 10 container port and busiest international airport,Report,,https://www.weforum.org/stories/economic-growth/gulf-investment-innovation-technology-energy/,🟡 Low,No,🟡 Review
2026-08-18,World Economic Forum to Launch Five New Centres for ...,World Economic Forum,UAE included as one of five countries to host new C4IR centre,,2026,https://www.weforum.org/press/2026/01/world-economic-forum-to-launch-five-new-centres-for-the-fourth-industrial-revolution/,🟡 Low,No,🟡 Review
2026-08-18,World Bank Group and IMF Annual Meetings 2029,World Bank Group / IMF,Abu Dhabi selected as host for 2029 Annual Meetings,Other,2029,https://www.worldbank.org/en/news/press-release/2026/04/10/world-bank-group-and-imf-to-hold-2029-annual-meetings-in-abu-dhabi-united-arab-emirates,🟡 Low,No,🟡 Review
2026-08-18,World Bank-UAE Partnership Framework on Investment Climate,World Bank,UAE partnering with World Bank on investment climate reforms,Report,2026,https://www.worldbank.org/en/news/press-release/2026/05/07/world-bank-and-uae-partner-to-strengthen-investment-climate-and-competitiveness,🟡 Low,No,🟡 Review
2026-08-18,Global Findex Database,World Bank,UAE country entry in Global Findex Database,Index,,https://databank.worldbank.org/metadataglossary/global-findex-database/country/ARE,🟠 Medium,No,🟡 Review
2026-08-18,Military Escalation in the Middle East: Economic and Social Implications,UNDP,UAE implied as part of Arab States region assessment,Report,2026,https://www.undp.org/arab-states/publications/military-escalation-middle-east-economic-and-social-implications-arab-states-region-assessment,🟡 Low,No,🟡 Review
2026-08-18,Human Development Index,UNDP,UAE HDI score 0.940,Index,2026,https://hdr.undp.org/data-center/country-insights,🔴 High,No,🟡 Review
2026-08-18,UN COVID-19 Socio-Economic Analysis for the UAE,UNDP / United Nations,UAE described as high-income country with GDP of USD 402.8 billion,Report,,https://www.undp.org/arab-states/publications/united-nations-covid-19-socio-economic-analysis-united-arab-emirates,🟡 Low,No,🟡 Review
2026-08-18,Arab States Regional Economic Assessment,UNDP,UAE implied as part of Arab States region in economic growth reversal report,Report,,https://www.undp.org/arab-states/press-releases/escalation-middle-east-reverses-more-year-economic-growth-arab-states-region-according-new-un-development-programme,🟡 Low,No,🟡 Review
2026-08-18,Investment Policy Perspectives in the United Arab Emirates,OECD,UAE is the subject of the report on FDI regulatory framework,Report,,https://www.oecd.org/en/publications/investment-policy-perspectives-in-the-united-arab-emirates_d83cbff3-en.html,🟠 Medium,No,🟡 Review
2026-08-18,Development Co-operation Profiles: United Arab Emirates,OECD,UAE mentioned in development co-operation context,Report,,https://www.oecd.org/en/publications/development-co-operation-profiles_04b376d7-en/united-arab-emirates_f39888ef-en.html,🟡 Low,No,🟡 Review
2026-08-18,MAP Peer Review Report – United Arab Emirates (Stage 1),OECD,UAE reviewed on Action 14 Minimum Standard implementation,Report,,https://www.oecd.org/en/publications/making-dispute-resolution-more-effective-map-peer-review-report-united-arab-emirates-stage-1_ea6c9295-en.html,🟠 Medium,No,🟡 Review
2026-08-18,STIP Compass – UAE Governance Dashboard,OECD,UAE governance and policy initiatives profiled,Benchmark,,https://stip.oecd.org/stip/interactive-dashboards/countries/UnitedArabEmirates/themes/TH1,🟡 Low,No,🟡 Review
2026-08-18,STIP Compass – Research and Innovation for Society: UAE,OECD,UAE included with key benchmarks noted,Benchmark,,https://stip.oecd.org/stip/interactive-dashboards/countries/UnitedArabEmirates/themes/TH8,🟠 Medium,No,🟡 Review
2026-08-18,OECD Review of Well-being Policies and Practices in Dubai's Private School Sector,OECD,Dubai's private school sector well-being policies analysed,Report,,https://www.oecd.org/en/publications/oecd-review-of-well-being-policies-and-practices-in-dubai-s-private-school-sector_0e9aa172-en.html,🟡 Low,No,🟡 Review
2026-08-18,Education GPS – UAE Country Profile,OECD,UAE education indicators profiled,Benchmark,,https://gpseducation.oecd.org/CountryProfile?primaryCountry,🟡 Low,No,🟡 Review
2026-08-18,OECD Tourism Trends and Policies 2026,OECD,UAE likely included as one of 53 OECD and partner countries,Report,2026,https://www.oecd.org/en/publications/oecd-tourism-trends-and-policies-2026_3fd3cd75-en.html,🟠 Medium,No,🟡 Review
2026-08-18,How the UAE stays prepared for the future - I by IMD,IMD,UAE mentioned in competitiveness context,Other,,https://www.imd.org/ibyimd/competitiveness/how-the-uae-stays-prepared-for-the-future/,🟡 Low,No,🟡 Review
2026-08-18,"Whoever leads the AI race will lead the future, UAE minister ...",IMD Business School,UAE minister quoted on AI leadership,Other,,https://www.imd.org/news/digital/updates-whoever-leads-the-ai-race-will-lead-the-future-uae-minister-says-at-our-signature-programme-in-dubai/,🟡 Low,No,🟡 Review
2026-08-18,IMD Smart City Index,IMD Business School,"Abu Dhabi rated 'A' across smart city, structures, and technologies factors",Index,2026,https://www.imd.org/entity-profile/abu-dhabi/,🔴 High,Yes,🟡 Review
2026-08-18,IMD World Competitiveness Ranking,IMD World Competitiveness Center,"UAE included, no rank visible in snippet",Ranking,2026,https://www.imd.org/centers/wcc/world-competitiveness-center/rankings/world-competitiveness-ranking/,🟠 Medium,Yes,🟡 Review
2026-08-18,IMD World Competitiveness Ranking,IMD World Competitiveness Center,"UAE ranked 5th globally in 2026, up from 7th in 2024",Ranking,2026,https://www.imd.org/wp-content/uploads/2026/06/Embargoed-Press-Release-2026-IMD-World-Competitiveness-Ranking.pdf,🔴 High,Yes,🟡 Review
2026-08-18,How GenAI Is Driving Personalised Marketing in the UAE,INSEAD,UAE mentioned as a complex market for GenAI marketing,Other,,https://knowledge.insead.edu/marketing/how-genai-driving-personalised-marketing-uae,🟡 Low,No,🟡 Review
2026-08-18,INSEAD's Middle East Campus: Nurturing Leaders of Tomorrow,INSEAD,Abu Dhabi FDI growth mentioned (56% from 2019 to 2023),Other,,https://intheknow.insead.edu/blog/inseads-middle-east-campus-nurturing-leaders-tomorrow,🟡 Low,No,🟡 Review
2026-08-18,Emiratisation: The way forward?,INSEAD,UAE Emiratisation programme discussed,Other,,https://knowledge.insead.edu/economics-finance/emiratisation-way-forward,🟡 Low,No,🟡 Review
2026-08-18,Beyond Humans: AI-Driven Marketing in the UAE,INSEAD,UAE described as a global AI hub,Other,,https://knowledge.insead.edu/marketing/beyond-humans-ai-driven-marketing-uae,🟡 Low,No,🟡 Review
2026-08-18,WJP Rule of Law Index,World Justice Project,UAE ranked 37 out of 143 countries,Index,2025,https://worldjusticeproject.org/rule-of-law-index/global/2025,🔴 High,Yes,🟡 Review
2026-08-18,WJP Rule of Law Index,World Justice Project,UAE ranked 37th out of 143 globally,Index,,https://worldjusticeproject.org/sites/default/files/documents/Lebanon_3.pdf,🔴 High,Yes,🟡 Review
2026-08-18,Henley Private Wealth Migration Report,Henley & Partners,"UAE included in wealth migration analysis, no explicit rank visible",Report,2026,https://www.henleyglobal.com/publications/henley-private-wealth-migration-report-2026/gulf-balancing-act,🟠 Medium,No,🟡 Review
2026-08-18,Global Mobility Report,Henley & Partners,"UAE mentioned with golden visas and high livability ratings, no explicit rank",Report,2026,https://www.henleyglobal.com/publications/global-mobility-report/2026-january/resilient-mena-region-confronts-global-uncertainty,🟠 Medium,No,🟡 Review
2026-08-18,Henley Private Wealth Migration Report,Henley & Partners,"Gulf/UAE mentioned as leading destination, no score or rank visible",Report,2026,https://www.henleyglobal.com/publications/henley-private-wealth-migration-report-2026/gulf-wealth-boom-opportunity-and-risk,🟡 Low,No,🟡 Review
2026-08-18,Henley Private Wealth Migration Report,Henley & Partners,"UAE Wealth Mobility Competitiveness Score of 85.3, one of highest in framework",Report,2026,https://www.henleyglobal.com/newsroom/press-releases/henley-private-wealth-migration-report-2026,🔴 High,No,🟡 Review
2026-08-18,Global Investment Risk and Resilience Index,Henley & Partners,"UAE mentioned with economic support packages, no explicit rank visible",Index,2026,https://www.henleyglobal.com/publications/global-investment-risk-and-resilience-index/may-2026-update/middle-easts-new-geopolitical-risk-paradigm,🟠 Medium,No,🟡 Review
2026-08-18,Indices Ranking - United Arab Emirates,UNESCWA,UAE included in multiple indices rankings,Index,2023,https://data.unescwa.org/country/are/policytools/indices-ranking,🟠 Medium,No,🟡 Review
2026-08-18,Unlocking Women's Economic Potential in the Arab Region,UNESCWA,UAE likely included as part of Arab region analysis,Report,2026,https://www.unescwa.org/publications/unlocking-women-economic-potential-arab-region-advancing-financial-inclusion-autonomy,🟡 Low,No,🟡 Review
2026-08-18,IMF Staff Visit Statement - UAE,International Monetary Fund (IMF),UAE GDP and economic outlook discussed,Report,2026,https://www.imf.org/en/news/articles/2026/07/17/pr26250-united-arab-emirates-imf-staff-concludes-visit,🟡 Low,No,🟡 Review
2026-08-18,IMFC Statement - UAE,International Monetary Fund (IMF),UAE economic policy measures mentioned,Report,2026,https://meetings.imf.org/-/media/amsm/files/sm2026/imfc/uae.pdf,🟡 Low,No,🟡 Review
2026-08-18,IMF Article IV Consultation 2025 - UAE,International Monetary Fund (IMF),"UAE projected to grow strongly, above global average in 2025",Report,2025,https://www.imf.org/en/news/articles/2025/10/02/pr-25326-united-arab-emirates-imf-staff-completes-2025-article-iv-mission,🟠 Medium,No,🟡 Review
2026-08-18,AI Preparedness and Leveraging Artificial Intelligence,International Monetary Fund (IMF),UAE described as fast-growing global AI hub; 64% of working-age population uses AI,Report,2026,https://www.imf.org/en/news/articles/2026/02/03/sp-md-leveraging-artificial-intelligence-and-enhancing-countries-preparedness,🟠 Medium,No,🟡 Review
2026-08-18,World Economic Outlook,International Monetary Fund (IMF),UAE GDP current prices: 522.62 (units not specified in snippet),Report,2026,https://www.imf.org/external/datamapper/NGDPD@WEO/ARE?year=2023,🟠 Medium,No,🟡 Review
2026-08-18,Corruption Perceptions Index 2025,Transparency International,UAE included in CPI 2025 MENA regional analysis,Index,2025,https://www.transparency.org/en/press/corruption-perceptions-index-2025-stronger-institutions-freer-civic-space-needed-middle-east-north-africa,🔴 High,No,🟡 Review
2026-08-18,The United Arab Emirates: A key piece in the global money ...,Transparency International,UAE mentioned in context of money laundering report,Report,,https://www.transparency.org/en/news/the-united-arab-emirates-a-key-piece-in-the-global-money-laundering-puzzle,🟡 Low,No,🟡 Review
2026-08-18,Connecting the Dots: Financial Intelligence Units and Corruption,Transparency International,UAE mentioned as one of the countries covered,Report,,https://www.transparency.org/en/publications/connecting-the-dots,🟡 Low,No,🟡 Review
2026-08-18,"Despite FATF money laundering list exit, UAE has…",Transparency International,UAE mentioned in context of FATF grey list exit and ongoing monitoring,Other,,https://www.transparency.org/en/news/money-laundering-list-exit-uae-much-to-prove,🟡 Low,No,🟡 Review
2026-08-18,Corruption Perceptions Index (MENA Regional Analysis),Transparency International,UAE remained above MENA average despite declined scores,Index,,https://www.transparency.org/en/news/middle-east-and-north-africa-a-very-drastic-decline,🟠 Medium,No,🟡 Review
2026-08-18,OREO Index,Transparency International,UAE included in global real estate opacity/money laundering index,Index,,https://www.transparency.org/en/press/new-index-reveals-alarming-opacity-and-money-laundering-vulnerabilities-global-real-estate,🟠 Medium,No,🟡 Review
2026-08-18,Dubai Unlocked,Transparency International,UAE/Dubai mentioned in context of anti-money laundering oversight,Report,,https://www.transparency.org/en/press/dubai-unlocked-need-for-enhanced-anti-money-laundering-efforts,🟡 Low,No,🟡 Review
2026-08-18,Madrid Yearly Review,WIPO,"UAE ranked 3rd in 2025 (up from 5th in 2024) with 1,993 international trademark registrations, growth rate of 13.6%",Report,2026,https://www.wipo.int/web-publications/executive-summary-madrid-yearly-review-2026-the-international-registrations-of-marks/en/madrid-yearly-review-2026-executive-summary.html,🔴 High,No,🟡 Review
2026-08-18,United Arab Emirates Insights & Analysis,Economist Intelligence Unit (EIU),UAE mentioned in political/economic outlook,Report,2024,https://www.eiu.com/n/geography/united-arab-emirates/,🟡 Low,No,🟡 Review
2026-08-18,Tech and Telecom 2026 Outlook,Economist Intelligence Unit (EIU),UAE AI ambitions and technology economy mentioned,Report,2026,https://www.eiu.com/n/blogs/tech-and-telcom-2026-outlook/,🟡 Low,No,🟡 Review
2026-08-18,Middle East chart of the week: robust Gulf FDI prospects,Economist Intelligence Unit (EIU),GCC states including UAE mentioned in FDI prospects,Report,2026,https://www.eiu.com/n/middle-east-chart-of-the-week-robust-gulf-fdi-prospects/,🟡 Low,No,🟡 Review
2026-08-18,Middle East Outlook 2026,Economist Intelligence Unit (EIU),UAE implicitly included in Middle East outlook,Report,2026,https://www.eiu.com/n/webinars/middle-east-2026-outlook/,🟡 Low,No,🟡 Review
2026-08-18,Reskilling Revolution,World Economic Forum (WEF),UAE mentioned as location of e& AI training initiative,Report,2025,https://initiatives.weforum.org/reskilling-revolution/case-study-details/e,🟡 Low,No,🟡 Review
2026-08-18,How digital innovation is reshaping Middle East healthcare,World Economic Forum,UAE mentioned in context of digital healthcare innovation,Report,2024,https://www.weforum.org/stories/2024/10/digital-innovation-reshaping-healthcare-middle-east/,🟡 Low,No,🟡 Review
2026-08-18,Future of Jobs Report 2025,World Economic Forum,UAE inclusion not confirmed in snippet but report covers global employers,Report,2025,https://reports.weforum.org/docs/WEF_Future_of_Jobs_Report_2025.pdf,🟠 Medium,No,🟡 Review
2026-08-18,Business Ready (B-READY),World Bank,UAE listed as a covered economy,Index,,https://www.worldbank.org/en/businessready/about-us/covered-economies,🟠 Medium,No,🟡 Review
2026-08-18,Arab Human Development Report,UNDP,"UAE likely included as Arab state, no rank or score visible",Report,2027,https://www.undp.org/arab-states/arab-human-development-report-1,🟡 Low,No,🟡 Review
2026-08-18,Digital Cooperation Fund,UNDP Multi-Partner Trust Fund Office,"UAE mentioned as contributor ($500,000)",Other,,http://mptf.undp.org/fund/dig00,🟡 Low,No,🟡 Review
2026-08-18,Crypto-Asset Reporting Framework (CARF) Committed Jurisdictions,OECD,UAE listed as a committed jurisdiction,Report,2027,https://web-archive-storage.oecd.org/aemint-web-archive-prod/web-archive/c8/c84b4af3884e1acd4f5adfdeac958eb0098d421347c25e756fbc963a39135ab9.pdf,🟡 Low,No,🟡 Review
2026-08-18,Optimism as strategy - David Bach - I by IMD,IMD,UAE mentioned as a strategic model country,Other,,https://www.imd.org/ibyimd/geopolitics/optimism-as-strategy/,🟡 Low,No,🟡 Review
2026-08-18,Global Talent Competitiveness Index,INSEAD,UAE ranked 22nd globally and 1st in the Middle East; Qatar 25th,Index,,https://www.insead.edu/news/second-edition-global-talent-competitiveness-index-released,🔴 High,Yes,🟡 Review
2026-08-18,Global Leaders Need to Embrace Digitization to Deliver ...,INSEAD,UAE mentioned as host of Alumni Leaders Forum,,,https://www.insead.edu/news/global-leaders-need-embrace-digitization-deliver-true-value,🟡 Low,No,🟡 Review
2026-08-18,Henley Passport Index,Henley & Partners,UAE passport ranked among 199 passports,Index,,https://www.henleyglobal.com/passport-index/ranking,🔴 High,Yes,🟡 Review
2026-08-18,Henley Private Wealth Migration Report 2025,Henley & Partners,UAE featured as a rising global wealth magnet,Report,2025,https://www.henleyglobal.com/publications/henley-private-wealth-migration-report-2025/uae-and-saudi-arabia-rising-wealth-magnets,🟠 Medium,No,🟡 Review
2026-08-18,Henley Passport Index,Henley & Partners,UAE passport ranked among all world passports,Index,,https://www.henleyglobal.com/passport-index,🔴 High,Yes,🟡 Review
2026-08-18,Global Mobility Report 2026,Henley & Partners,UAE not explicitly mentioned in snippet,Report,2026,https://www.henleyglobal.com/publications/global-mobility-report/2026-january/europes-high-stakes-year-ahead,🟡 Low,No,🟡 Review
2026-08-18,Crypto Wealth Report 2025,Henley Global,UAE mentioned in regional context,Report,2025,https://www.henleyglobal.com/publications/crypto-wealth-report-2025/digital-offshore-and-future-cross-border-wealth,🟡 Low,No,🟡 Review
2026-08-18,Arab Macroeconomic Outlook 2025,UNESCWA,UAE implied as part of Arab region GDP outlook,Report,2025,https://publications.unescwa.org/2025/macroeconomic-outlook/sdgs/pdf/en/Chapter-2.pdf,🟡 Low,No,🟡 Review
2026-08-18,2030 National SDG Financing Dashboard,UNESCWA,UAE has a dedicated SDG financing dashboard entry,Benchmark,2025,https://ffd.unescwa.org/Financing.aspx?Country=are,🟠 Medium,No,🟡 Review
2026-08-18,Purchasing Power Parities and the Real Size of Arab Economies,UNESCWA / ICP,"UAE identified as second biggest economy in nominal terms, repositioned in real terms via PPP",Report,,https://icp.unescwa.org/sdgs/pdf/en/Purchasing%20Power%20Parities%20and%20the%20Real%20Size%20of%20Arab%20Economies.pdf,🟠 Medium,No,🟡 Review
2026-08-18,Tenth Annual Arab Fiscal Forum,IMF,"Speech delivered in Dubai, UAE; macroeconomic figures cited",Other,2026,https://www.imf.org/en/news/articles/2026/02/02/sp020226-md-speech-tenth-annual-arab-fiscal-forum-dubai-uae,🟡 Low,No,🟡 Review
2026-08-18,World Economic Outlook Update,IMF,UAE included in MENA regional grouping with growth projections,Report,2026,https://www.imf.org/-/media/files/publications/weo/2026/update/july/english/text.pdf,🟠 Medium,No,🟡 Review
2026-08-18,World Local Production Forum,WHO,UAE hosted the third World Local Production Forum,Report,2025,https://iris.who.int/server/api/core/bitstreams/7eaa6648-cf2f-4573-907d-cda07214045b/content,🟡 Low,No,🟡 Review
2026-08-18,Global Economic Outlook 2023,Economist Intelligence Unit (EIU),"UAE mentioned as contact location, no rank or score",Report,2023,https://www.eiu.com/n/wp-content/uploads/2023/09/Global-economic-outlook-September-23.pdf,🟡 Low,No,🟡 Review
2026-08-18,Global Innovation Index 2022,WIPO / Portulans Institute,"UAE included, no score visible in snippet",Index,2022,https://portulansinstitute.org/wp-content/uploads/2023/10/gii-full-report-2022.pdf,🟠 Medium,Yes,🟡 Review
2026-08-18,How Dubai's businesses are navigating conflict,World Economic Forum,Dubai mentioned in context of business resilience during conflict,Other,2026,https://www.weforum.org/stories/resilience-peace-and-security/how-high-performing-organizations-can-thrive-even-during-acute-crisis-5-lessons-from-dubai/,🟡 Low,No,🟡 Review
2026-08-18,How the UAE and Asia are co-creating the next horizon of ...,World Economic Forum,UAE mentioned in editorial on UAE-Asia investments,Other,,https://www.weforum.org/stories/all/uae-asia-next-horizon-growth/,🟡 Low,No,🟡 Review
2026-08-18,The UAE as a collaborative blueprint for a volatile world,World Economic Forum,UAE mentioned as a collaborative model,Other,,https://www.weforum.org/stories/sustainable-development/bridging-divides-the-uae-as-a-collaborative-blueprint-for-a-volatile-world-20bedb841a/,🟡 Low,No,🟡 Review
2026-08-18,Middle East and North Africa Analysis,World Economic Forum,UAE mentioned in context of new technology centres,Report,2026,https://www.weforum.org/stories/geographies-in-depth/middle-east-and-north-africa-tracker/,🟡 Low,No,🟡 Review
2026-08-18,World Development Indicators - Imports of Goods and Services,World Bank,UAE data page for imports % of GDP,Benchmark,,https://data.worldbank.org/indicator/NE.IMP.GNFS.ZS?locations=AE,🟠 Medium,No,🟡 Review
2026-08-18,Gender Inequality Index (GII),UNDP / Human Development Reports,UAE likely included; no score visible in snippet,Index,2026,https://hdr.undp.org/data-center/thematic-composite-indices/gender-inequality-index,🟠 Medium,No,🟡 Review
2026-08-18,The UAE's AI Office signs an agreement with UNDP to ...,UNDP,UAE AI Office mentioned in partnership agreement,Other,2026,https://www.undp.org/arab-states/press-releases/uaes-ai-office-signs-agreement-undp-enhance-adoption-artificial-intelligence,🟡 Low,No,🟡 Review
2026-08-18,Artificial Intelligence,UNDP / GSMA,UAE not explicitly mentioned; Arab States regional focus,Other,2026,https://www.undp.org/arab-states/artificial-intelligence,🟡 Low,No,🟡 Review
2026-08-18,"UAE's Minister of State for Artificial Intelligence, UNDP and ...",UNDP,UAE Minister of State for AI mentioned in discussion,Other,2026,https://www.undp.org/arab-states/press-releases/uaes-minister-state-artificial-intelligence-undp-and-e-discussed-ways-harness-power-ai-sustainable-development,🟡 Low,No,🟡 Review
2026-08-18,UAE-Belém Work Programme on Adaptation Indicators,OECD,UAE mentioned as framework originator for climate resilience targets,Report,,https://www.oecd.org/en/publications/considerations-for-taking-forward-the-uae-belem-work-programme-on-adaptation-indicators_e60310fc-en.html,🟡 Low,No,🟡 Review
2026-08-18,Preliminary Official Development Assistance Levels in 2025,OECD / DAC,UAE ODA increased +55.5% due to rise in bilateral aid,Report,2025,https://one.oecd.org/document/DCD(2026)8/en/pdf,🟠 Medium,No,🟡 Review
2026-08-18,How the Arab world's first mission to Mars could inspire young ...,IMD,UAE mentioned in context of Mars mission and science/technology sector,Other,2019,https://www.imd.org/news/technology-management/updates-omran-sharaf-director-of-the-emirates-mars-mission-owp-dubai-2019/,🟡 Low,No,🟡 Review
2026-08-18,Can digital technology turn Dubai into the world's smartest ...,IMD,Dubai mentioned in context of smart city ambitions,Other,,https://www.imd.org/news/competitiveness/updates-can-digital-technology-turn-dubai-into-the-worlds-smartest-happiest-city/,🟡 Low,No,🟡 Review
2026-08-18,UAE AI in Government Study,INSEAD / Yango Group,UAE featured as primary case study on AI in government,Report,,https://www.insead.edu/news/new-research-reveals-how-uae-rethinking-ai-government-and-what-world-can-learn,🟡 Low,No,🟡 Review
2026-08-18,Henley Education Report 2026,Henley Global,Dubai/UAE education ecosystem discussed,Report,2026,https://www.henleyglobal.com/publications/henley-education-report-2026/dubais-expanding-education-ecosystem,🟡 Low,No,🟡 Review
2026-08-18,Global Mobility Report 2026,Henley & Partners,UAE Golden Visa highlighted as central feature,Report,2026,https://www.henleyglobal.com/publications/global-mobility-report/2026-january/top-residence-and-citizenship-programs-migrating-millionaires,🟠 Medium,No,🟡 Review
2026-08-18,Global Residence Program Index 2026,Henley & Partners,UAE moved from 5th to joint 2nd on Global Residence Program Index,Index,2026,https://www.henleyglobal.com/newsroom/press-releases/residence-citizenship-programs-report-2026,🔴 High,No,🟡 Review
2026-08-18,Mapping Future Skills: Benchmarking Analysis between the UAE and the United States,UNESCWA,UAE benchmarked against the United States on future skills demand,Benchmark,,https://www.unescwa.org/publications/mapping-future-skills-benchmarking-analysis-united-arab-emirates-united-states,🟠 Medium,No,🟡 Review
2026-08-18,Business Environment - United Arab Emirates,UNESCWA / World Bank / IMF,UAE mentioned with GDP figures,Other,2026,https://data.unescwa.org/country/are/policytools/business-environment,🟡 Low,No,🟡 Review
2026-08-18,The Managing Director's Keynote Speech at the Eighth Annual ...,IMF,"Dubai, UAE mentioned as event location",Other,,https://www.imf.org/en/videos/view/6346692336112,🟡 Low,No,🟡 Review
2026-08-18,Illicit Gold Flows from Central and East Africa,Transparency International,Dubai/UAE mentioned as hub for illicit gold flows,Report,,https://knowledgehub.transparency.org/helpdesk/illicit-gold-flows-from-central-and-east-africa-main-typologies-actors-and-associated-harms,🟡 Low,No,🟡 Review
2026-08-18,WHO Road Safety Progress Report (Eastern Mediterranean Region),WHO,UAE among 10 countries that reduced road fatalities by over 50% in the decade to 2021,Report,2026,https://www.who.int/news/item/02-07-2026-exemplary-road-safety-progress-in-the-who-eastern-mediterranean-region,🟠 Medium,No,🟡 Review
2026-08-18,Forecasting Archives - Page 5 of 43,Economist Intelligence Unit (EIU),UAE's AI ambitions mentioned in Middle East forecasting context,Report,2026,https://www.eiu.com/n/category/forecasting/page/5/,🟡 Low,No,🟡 Review
2026-08-18,UAE raises targets for sustainable energy in 2030,Economist Intelligence Unit (EIU),UAE mentioned in sustainable energy targets analysis,Report,2030,https://www.eiu.com/n/uae-raises-targets-for-sustainable-energy-in-2030/,🟡 Low,No,🟡 Review
2026-08-18,Supply chain disruption: Industry ripples | EIU,Economist Intelligence Unit (EIU),UAE tourist arrivals forecasted to drop in 2026,Report,2026,https://www.eiu.com/n/global-themes/campaigns/content-hub-industry-ripples/,🟡 Low,No,🟡 Review
2026-08-18,Global Liveability Index 2026,Economist Intelligence Unit (EIU),UAE/Dubai likely included; no explicit rank visible in snippet,Index,2026,https://www.eiu.com/n/global-themes/report/global-liveability-index-2026/,🟠 Medium,No,🟡 Review
2026-08-18,Global Innovation Index 2025,Portulans Institute / WIPO,UAE climbing quickly in rankings,Index,2025,https://portulansinstitute.org/highlights-from-global-launch-gii-2025/,🟠 Medium,Yes,🟡 Review
2026-08-18,"Experts talk intelligent economies, growth, collaboration ...",World Economic Forum,Dubai hosted WEF Global Future Councils meeting,Other,2024,https://www.weforum.org/stories/forum-institutional/global-future-councils-experts-economies-inclusive-growth-collaboration-gfc24/,🟡 Low,No,🟡 Review
2026-08-18,The Gulf's Digital Transformation,World Bank,Abu Dhabi mentioned for AI-native government and data center initiatives,Report,,https://documents1.worldbank.org/curated/en/099703212012571773/pdf/IDU-25e71676-54fb-43fd-b763-66a5b6b568fa.pdf,🟡 Low,No,🟡 Review
2026-08-18,GCC Economic Update,World Bank,UAE GDP growth forecast 4.6% in 2025 and 4.9% in 2026-2027,Report,2025,https://www.worldbank.org/en/news/press-release/2025/06/19/gcc-growth-on-the-rise-but-smart-spending-will-shape-a-thriving-future,🟠 Medium,No,🟡 Review
2026-08-18,MENA Macro Monitoring Update,World Bank,UAE saw weakening of new order growth,Report,2025,https://thedocs.worldbank.org/en/doc/f5ce4fbd923227e029ba27a6eb8c2230-0280032025/original/MENA-Macro-Monitoring-Update-07-17-2025v2.pdf,🟠 Medium,No,🟡 Review
2026-08-18,NDC Insights Series,UNDP,UAE Framework for Global Climate Resilience referenced,Report,2025,https://www.undp.org/sites/g/files/zskgke326/files/2025-10/undp_ndc_insights_series_sep_oct_2025.pdf,🟡 Low,No,🟡 Review
2026-08-18,New commitments at UN energy summit a major stride ...,UNDP,UAE mentioned as committing to 100% electricity access by 2030,Other,,https://www.undp.org/press-releases/new-commitments-un-energy-summit-major-stride-towards-affordable-and-clean-energy-much-work-ahead-halve-energy-access-gap-2025,🟡 Low,No,🟡 Review
2026-08-18,MENA GOV Activity Report 2025,OECD,UAE hosted 13th MENA SBO Network Meeting discussing green budgeting and AI,Report,2025,https://www.oecd.org/content/dam/oecd/en/events/2025/05/mena-steering-group-meeting/MENA-GOV-Activity%20Report-2025.pdf,🟡 Low,No,🟡 Review
2026-08-18,Investment Migration Climate Resilience Index,Henley & Partners,Dubai (UAE) scored 49.6 in top 15 programs,Index,,https://www.henleyglobal.com/publications/investment-migration-climate-resilience-index/top-15-programs,🔴 High,No,🟡 Review
2026-08-18,ESCWA Key Trends,UNESCWA,UAE GDP growth projections cited,Report,2025,https://ekm.unescwa.org/Themes?country=ARE&theme=Economic,🟡 Low,No,🟡 Review
2026-08-18,Potential Blue-Green Hydrogen Developments in the Arab Region,UNESCWA,UAE mentioned for hydrogen energy potential,Report,,https://www.unescwa.org/sites/default/files/pubs/pdf/potential-blue-green-hydrogen-developments-arab-region-english.pdf,🟡 Low,No,🟡 Review
2026-08-18,Survey of Economic and Social Developments in the Arab Region 2022-2023,UNESCWA,UAE interest rate data cited,Report,2022,https://www.unescwa.org/sites/default/files/pubs/pdf/survey-economic-social-developments-arab-region-2022-2023-english_0.pdf,🟡 Low,No,🟡 Review
2026-08-18,IMF Article IV Consultation - UAE,International Monetary Fund (IMF),Abu Dhabi AI-native government investment mentioned in IMF country report,Report,2025,https://www.elibrary.imf.org/view/journals/002/2025/328/article-A003-en.xml,🟠 Medium,No,🟡 Review
2026-08-18,IMF Article IV Consultation - UAE 2025,International Monetary Fund (IMF),UAE included in IMF Article IV consultation with housing/economic projections,Report,2025,https://www.elibrary.imf.org/view/journals/002/2025/327/article-A001-en.xml,🟠 Medium,No,🟡 Review
2026-08-18,IMF Article IV Consultation - UAE,International Monetary Fund (IMF),Abu Dhabi AI-native government investment mentioned,Report,2025,https://www.elibrary.imf.org/downloadpdf/view/journals/002/2025/328/article-A003-en.pdf,🟠 Medium,No,🟡 Review
2026-08-18,IMF Article IV Consultation - UAE (Federalism and Fiscal Operations),International Monetary Fund (IMF),UAE fiscal operations discussed in IMF country report,Report,2025,https://www.elibrary.imf.org/view/journals/002/2025/328/article-A002-en.xml,🟠 Medium,No,🟡 Review
2026-08-18,Looming risks may derail Gulf Railway project,Economist Intelligence Unit,UAE mentioned in context of Gulf Railway project,Report,,https://www.eiu.com/n/looming-risks-may-derail-gulf-railway-project/,🟡 Low,No,🟡 Review
2026-08-18,Energy Archives - Page 4 of 9,Economist Intelligence Unit,UAE mentioned regarding renewable energy targets,Report,,https://www.eiu.com/n/category/energy/page/4/,🟡 Low,No,🟡 Review
2026-08-18,Global Liveability Index 2025,Economist Intelligence Unit (EIU),UAE/Dubai likely included but not explicitly scored in snippet,Index,2025,https://www.eiu.com/n/copenhagen-replaces-vienna-as-worlds-most-liveable-city/,🟠 Medium,No,🟡 Review
2026-08-18,From fishing village to futuristic metropolis: Dubai's ...,World Economic Forum,Dubai mentioned as subject of transformation story,Other,,https://www.weforum.org/stories/industries-in-depth/dubai-uae-transformation/,🟡 Low,No,🟡 Review
2026-08-18,State of Energy Report,UNDP,UAE/Dubai mentioned as subject of energy innovations,Report,,https://www.undp.org/arab-states/publications/state-energy-report-0,🟡 Low,No,🟡 Review
2026-08-18,MENA-OECD Business Advisory Board 2025,OECD,Event held at Expo City Dubai,Other,2025,https://www.oecd.org/en/events/2025/10/mena-oecd-business-advisory-board-2025.html,🟡 Low,No,🟡 Review
2026-08-18,Dubai Health System Performance Assessment Framework,OECD,Dubai/UAE is the subject of the health system assessment,Benchmark,,https://www.oecd.org/en/publications/development-of-dubai-health-system-performance-assessment-framework_e70b493e-en.html,🟠 Medium,No,🟡 Review
2026-08-18,At the World Economic Forum's Dubai meetings: Five ideas for ...,World Economic Forum / IMD,Dubai hosted WEF Global Future Councils and Cybersecurity meetings,,,https://www.imd.org/ibyimd/leadership/five-ideas-for-a-fractured-world/,🟡 Low,No,🟡 Review
2026-08-18,Smart City Index 2026,IMD Business School,Dubai likely ranked among 148 cities assessed,Index,2026,https://www.imd.org/smart-city-observatory/home/,🔴 High,Yes,🟡 Review
2026-08-18,Digital regulatory sandboxes for cross-border digital cooperation,UNESCWA,Dubai hosted event on digital regulatory sandboxes,Other,2026,https://www.unescwa.org/news/digital-regulatory-sandboxes-cross-border-digital-cooperation,🟡 Low,No,🟡 Review
2026-08-18,Regional Economic Outlook for the Middle East and North Africa,IMF,UAE included in regional economic outlook launched in Dubai,Report,,https://www.imf.org/en/videos/view/6314931017112,🟠 Medium,No,🟡 Review
2026-08-18,World Economic Outlook,IMF,UAE inflation rate 2.5% shown alongside regional peers,Report,2026,https://www.imf.org/external/datamapper/PCPIPCH@WEO/MEQ/OMN/SAU/ARE/BHR,🟠 Medium,No,🟡 Review
2026-08-18,Real Estate Opacity Index,Transparency International,UAE/Dubai flagged as hotspot in real estate opacity index,Index,,https://www.transparency.org/en/news/unveiling-opacity-in-real-estate-ownership-index,🟠 Medium,No,🟡 Review
2026-08-18,UNCITRAL–UAE Global Summit on Digital Trade and Digital Platforms,UNCITRAL / UAE,UAE co-hosts summit in Dubai,Other,2025,https://uncitral.un.org/en/global-summit-on-digital-trade-and-digital-platforms,🟡 Low,No,🟡 Review
2026-08-18,UN Big Data Regional Hub,UN Statistics Division,UAE hosts a regional hub,Other,,https://unstats.un.org/bigdata/hubs/uae/,🟡 Low,No,🟡 Review
2026-08-18,Dubai's economic recovery boosted by regional liquidity,Economist Intelligence Unit (EIU),Dubai economy growth figures cited,Report,2026,https://www.eiu.com/n/dubais-economic-recovery-boosted-by-regional-liquidity/,🟡 Low,No,🟡 Review
2026-08-18,Saudi customs tariff rules target UAE free zones,Economist Intelligence Unit (EIU),UAE free zones mentioned in trade context,Report,,https://www.eiu.com/n/saudi-customs-tariff-rules-target-uae-free-zones/,🟡 Low,No,🟡 Review
2026-08-18,Overview of National Strategies and Policies for Immersive Technologies,OECD,UAE AI Strategy mentioned in policy context,Report,2025,https://www.oecd.org/en/publications/an-overview-of-national-strategies-and-policies-for-immersive-technologies_2da1d7da-en/full-report/component-5.html,🟡 Low,No,🟡 Review
2026-08-18,Land Electric Mobility in the Arab Region,UN ESCWA,Dubai mentioned as location of battery recycling plants,Report,,https://www.unescwa.org/sites/default/files/pubs/pdf/land-electric-mobility-arab-region-options-opportunities-english_3.pdf,🟡 Low,No,🟡 Review
2026-08-18,Arab Sustainable Development Report 2024,UN ESCWA,Dubai mentioned as SDG-11 case study example,Report,2024,https://asdr-2024.unescwa.org/sdg-11.html,🟡 Low,No,🟡 Review
2026-08-18,Leveraging Emerging Technology Innovation for Enhancing Public Institutions,UN ESCWA,Dubai cited as example of AI digital authority initiative,Report,2023,https://www.unescwa.org/sites/default/files/pubs/pdf/leveraging-emerging-technology-innovation-enhancing-public-institutions-english.pdf,🟡 Low,No,🟡 Review
2026-08-18,Template for National Policies on Accessibility of Emerging Technologies,UNESCWA,Dubai Metaverse Strategy mentioned as example,Report,,https://www.unescwa.org/sites/default/files/pubs/pdf/template-national-policies-accessibility-emerging-technologies-english.pdf,🟡 Low,No,🟡 Review
2026-08-18,Energy Vulnerability in the Arab Region,UNESCWA,Dubai International Finance Centre mentioned as a financial hub example,Report,,https://www.unescwa.org/sites/default/files/pubs/pdf/energy-vulnerability-arab-region-english_0.pdf,🟡 Low,No,🟡 Review
2026-08-18,A New Era for Digital Health: Abu Dhabi's Leap to Health Intelligence,World Economic Forum,Abu Dhabi featured as digital health case study,Report,,https://www.weforum.org/publications/a-new-era-for-digital-health-abu-dhabi-s-leap-to-health-intelligence/,🟡 Low,No,🟡 Review
2026-08-18,Towards personalized care for all: Abu Dhabi's digital ...,World Economic Forum,Abu Dhabi mentioned as digital health innovator,Report,,https://www.weforum.org/stories/health-and-healthcare-systems/abu-dhabi-digital-healthcare/,🟡 Low,No,🟡 Review
2026-08-18,Building government capabilities and trust in the AI era,World Economic Forum,Abu Dhabi cited as example of AI-era government infrastructure,Report,,https://www.weforum.org/stories/artificial-intelligence/ai-era-government-access-trust/,🟡 Low,No,🟡 Review
2026-08-18,Universal Energy Access Report,World Bank,Abu Dhabi mentioned as event location,Report,2026,https://www.worldbank.org/en/news/press-release/2026/06/16/accelerating-universal-energy-access,🟡 Low,No,🟡 Review
2026-08-18,Financial Centres for Sustainability (FC4S) Membership,UNDP / FC4S,Abu Dhabi / ADGM listed as FC4S member among 44 global members,Benchmark,2026,https://sdgfinance.undp.org/FC4S,🟠 Medium,No,🟡 Review
2026-08-18,UNDP AltFinLab and Blockchain for Good Alliance Launch ...,UNDP / Blockchain for Good Alliance,Abu Dhabi Blockchain Centre mentioned,Other,,https://innovation.eurasia.undp.org/undp-altfinlab-and-blockchain-for-good-alliance-launch-blockchain-impact-forum/,🟡 Low,No,🟡 Review
2026-08-18,MBZUAI and UNDP partnership to advance use of artificial ...,UNDP / MBZUAI,UAE (MBZUAI) mentioned in partnership context,Other,,https://www.undp.org/arab-states/press-releases/mbzuai-and-undp-partnership-advance-use-artificial-intelligence-sustainable-development,🟡 Low,No,🟡 Review
2026-08-18,Arab Region Pension Funds ESG Report,Arab Monetary Fund / UNDP,Abu Dhabi mentioned as report origin location,Report,,https://www.undp.org/arab-states/press-releases/arab-monetary-fund-and-united-nations-development-programme-new-report,🟡 Low,No,🟡 Review
2026-08-18,"Entrepreneurship, SMEs and Local Development in Abu Dhabi",OECD,Abu Dhabi is the subject of the report,Report,,https://www.oecd.org/en/publications/entrepreneuship-smes-and-local-development-in-abu-dhabi_39c8d837-en.html,🟠 Medium,No,🟡 Review
2026-08-18,"Assessment of Policies, Programmes and Regulations Relating to MSME and Start-up Development in Abu Dhabi",OECD,Abu Dhabi is the subject of the policy assessment,Benchmark,2023,https://www.oecd.org/en/publications/assessment-of-policies-programmes-and-regulations-relating-to-msme-and-start-up-development-in-abu-dhabi_9b92546e-en.html,🟠 Medium,No,🟡 Review
2026-08-18,OECD Steel Outlook 2026,OECD,Abu Dhabi's Industrial City mentioned in steel production context,Report,2026,https://www.oecd.org/en/publications/oecd-steel-outlook-2026_99ab9b0c-en/full-report/steel-subsidies-continue-to-increase-severely-distorting-markets_b1dbe106.html,🟡 Low,No,🟡 Review
2026-08-18,International Early Learning and Child Well-being Study (IELS) 2025,OECD,Abu Dhabi participated as an adjudicated region within the UAE,Report,2025,https://www.oecd.org/en/publications/building-strong-foundations-for-life_02bf8efe-en/full-report/the-design-and-implementation-of-the-study_b01502d4.html,🟠 Medium,No,🟡 Review
2026-08-18,Sustainable Finance Strategy - Strategic Framework - I by IMD,IMD,First Abu Dhabi Bank mentioned as inspiration for framework,Report,,https://www.imd.org/ibyimd/finance/navigating-the-future-of-sustainable-finance-a-scenario-based-strategic-framework-for-financial-institutions/,🟡 Low,No,🟡 Review
2026-08-18,Smart City Index,IMD,Abu Dhabi and Dubai made the 2025 SCI top 10 for the first time,Index,2025,https://www.imd.org/news/competitiveness/worlds-smartest-cities-strike-very-different-balances-to-satisfy-citizen-needs-but-a-lack-of-affordable-housing-is-a-struggle-they-share/,🔴 High,Yes,🟡 Review
2026-08-18,Smart City Index,IMD,Abu Dhabi listed among consistently high-performing cities in Top 20,Index,,https://www.imd.org/centers/wcc/smart-city-index/press-release/,🔴 High,Yes,🟡 Review
2026-08-18,Henley Opportunity Index,Henley & Partners,UAE ranked 7th with a score of 68,Index,2026,https://www.henleyglobal.com/newsroom/press-releases/henley-opportunity-index-2026,🔴 High,Yes,🟡 Review
2026-08-18,Global Investment Risk and Resilience Index,Henley & Partners,UAE program enquiries mentioned; Dubai and Abu Dhabi expat communities referenced,Index,2026,https://www.henleyglobal.com/publications/global-investment-risk-and-resilience-index/may-2026-update/great-sovereign-re-ranking-europe-stagnating-asia-climbing,🟠 Medium,No,🟡 Review
2026-08-18,Henley Private Wealth Migration Report 2025,Henley & Partners,Abu Dhabi highlighted as major destination for millionaire migration with projected wealth inflows,Report,2025,https://www.henleyglobal.com/publications/henley-private-wealth-migration-report-2025/abu-dhabi-new-center-gravity-global-wealth,🟠 Medium,No,🟡 Review
2026-08-18,Seminar on Boosting Competitiveness in the Arab Region,IMF Centre for Economics and Finance (CEF),"UAE/Arab region competitiveness discussed, no UAE-specific rank or score visible",Report,2026,https://www.cef.imf.org/content/cef-imf/en1/News/seminars--webinars----high-level-events/2026-01-19-Seminar-on-Boosting-Competitiveness-in-the-Arab-Region.html,🟡 Low,No,🟡 Review
2026-08-18,World Intellectual Property Report 2026,WIPO,Abu Dhabi mentioned in bibliography reference (IRENA),Report,2026,https://www.wipo.int/web-publications/world-intellectual-property-report-2026/en/bibliography.html,🟡 Low,No,🟡 Review
2026-08-18,World Intellectual Property Report 2026,WIPO,Abu Dhabi mentioned as IRENA headquarters in a citation,Report,2026,https://www.wipo.int/web-publications/world-intellectual-property-report-2026/en/4-diffusion-of-clean-technologies-patterns-mechanisms-and-future-challenges.html,🟡 Low,No,🟡 Review
2026-08-18,World Intellectual Property Report 2026: Technology on the Move,WIPO,UAE/Abu Dhabi not explicitly mentioned in snippet,Report,2026,https://tind.wipo.int/record/59219?v=pdf&ln=ru,🟡 Low,No,🟡 Review
2026-08-18,Technology is behind the push to net zero in the Middle East,World Economic Forum,"Middle East mentioned, no specific UAE rank or score",Other,,https://www.weforum.org/stories/emerging-technologies/how-technology-is-behind-the-push-to-net-zero-in-the-middle-east/,🟡 Low,No,🟡 Review
2026-08-18,Strategic foresight can shape the Gulf's energy future,World Economic Forum,"Abu Dhabi temperature statistic cited, no ranking",Other,,https://www.weforum.org/stories/energy-transition/strategic-foresight-gulf-energy-transition/,🟡 Low,No,🟡 Review
2026-08-18,Mobilising Financing and Investment for Quality Infrastructure in Egypt,OECD,Abu Dhabi Exports Office mentioned,Report,,https://www.oecd.org/en/publications/mobilising-financing-and-investment-for-quality-infrastructure-in-egypt_928bd5b8-en/full-report/mobilising-investment-and-finance-in-quality-infrastructure_67bd664c.html,🟡 Low,No,🟡 Review
2026-08-18,Mobilising Financing and Investment for Quality Infrastructure in Egypt,OECD,Abu Dhabi Development Holding Company (ADQ) mentioned as investor,Report,,https://www.oecd.org/en/publications/mobilising-financing-and-investment-for-quality-infrastructure-in-egypt_928bd5b8-en/full-report/introduction_f7210f38.html,🟡 Low,No,🟡 Review
2026-08-18,Global Executive MBA Ranking,INSEAD / Financial Times (implied),Abu Dhabi mentioned as launch location; GEMBA programme ranked 6th globally,Ranking,,https://www.insead.edu/news/insead-announces-launch-its-global-executive-mba-programme-abu-dhabi,🟡 Low,No,🟡 Review
2026-08-18,Gender Index,UN ESCWA,UAE not explicitly mentioned; gender index described for Arab region,Index,,https://data.unescwa.org/datacatalog/theme/gender,🟡 Low,No,🟡 Review
2026-08-18,Corruption Perceptions Index,Transparency International,UAE score of 69,Index,2026,https://www.transparency.org/en/countries/united-arab-emirates,🔴 High,No,🟡 Review
2026-08-18,SCImago Media Rankings,SCImago,UAE included in media rankings,Ranking,2026,https://www.scimagomedia.com/rankings.php?country=United%20Arab%20Emirates,🟠 Medium,No,🟡 Review
2026-08-18,United Arab Emirates - Wikipedia,Wikipedia,"UAE GDP ranked 29th, GDP per capita 21st",Other,2026,https://en.wikipedia.org/wiki/United_Arab_Emirates,🟡 Low,No,🟡 Review
2026-08-18,Global Safety Report,,UAE ranked world's safest country with highest global safety score,Report,2026,https://www.facebook.com/UAE.Forsan/posts/uae-ranks-worlds-safest-country-in-2026-with-highest-global-safety-score/972476938460240/,🟠 Medium,No,🟡 Review
2026-08-18,Passport Index,Arton Capital,UAE passport ranked 1st globally,Index,2026,https://www.gulftoday.ae/news/2026/07/23/uae-ranks-first-worldwide-in-terms-of-passport-power-in-2026,🔴 High,Yes,🟡 Review
2026-08-18,Environmental Performance Index (EPI) 2026,Yale University / Columbia University,UAE ranked #1 among Arab nations,Index,2026,https://www.instagram.com/p/DanYKN7tIYN/,🔴 High,Yes,🟡 Review
2026-08-18,Chandler Good Government Index 2026,Chandler Institute of Governance,UAE ranked top 10 globally out of 133 countries,Index,2026,https://www.arabianbusiness.com/politics/uae-ranks-among-top-10-governments-globally-in-2026-index,🔴 High,Yes,🟡 Review
2026-08-18,FDI Confidence Index 2026,Kearney,UAE ranked 9th globally,Index,2026,https://www.instagram.com/reel/DbvIhmmieux/,🔴 High,No,🟡 Review
2026-08-18,QS World University Rankings 2027,QS Quacquarelli Symonds,University of Birmingham Dubai mentioned as rising in rankings,Ranking,2027,https://www.facebook.com/unibirminghamdubai/videos/fantastic-news-weve-risen-again-in-the-topunis-qs-world-university-rankings-2027/4473262299608010/,🟡 Low,No,🟡 Review
2026-08-18,QS World University Rankings 2027,QS Quacquarelli Symonds,UAE has first-ever top 150 institution,Ranking,2027,https://studytravel.network/magazine/news/0/32219,🟠 Medium,No,🟡 Review
2026-08-18,Numbeo Safety Index 2026,Numbeo,Dubai ranked 6th globally with safety score of 83.9,Index,2026,https://www.instagram.com/p/DcIuHeblhcM/,🔴 High,No,🟡 Review
2026-08-18,QS Best Student Cities Rankings 2027,QS Quacquarelli Symonds,Dubai and other UAE cities listed in rankings,Ranking,2027,https://www.topuniversities.com/city-rankings,🟠 Medium,No,🟡 Review
2026-08-19,FATF Mutual Evaluation,Financial Action Task Force (FATF),UAE undergoing FATF Mutual Evaluation in 2026,Benchmark,2026,https://www.linkedin.com/posts/fahad-bin-karam-20281448_the-united-arab-emirates-uae-is-set-to-activity-7343219361295360002-hR_J,🟡 Low,No,🟡 Review
2026-08-19,QS World University Rankings,QS Quacquarelli Symonds,"UAE University (UAEU) ranked 217th globally, up from 229th",Ranking,2027,https://www.academicjobs.com/en-ae/higher-education-news/uaeu-hits-217th-in-qs-rankings-2027-academicjobs-24503,🔴 High,No,🟡 Review
2026-08-19,Greenfield FDI Performance Index 2025,fDi Intelligence,UAE still on top (ranked #1),Index,2025,https://www.fdiintelligence.com/content/507fb7c4-1e2f-470f-95cb-128a6a1a9acb,🔴 High,No,🟡 Review
2026-08-19,Global Digital Shopping Index 2026,Visa Acceptance Solutions,UAE edition listed among country-specific editions,Index,2026,https://www.visaacceptance.com/en-us/insights/global-digital-shopping-index-form.html,🟠 Medium,No,🟡 Review
2026-08-19,QS World Future Skills Index,QS (Quacquarelli Symonds),"UAE ranked 17th out of 89 economies, score 86.5, top in MENA",Index,2027,https://www.middleeastainews.com/p/uae-ranks-top-in-mena-on-qs-world,🔴 High,No,🟡 Review
2026-08-19,QS World Future Skills Index,QS (Quacquarelli Symonds),"UAE ranked 17th globally, top regional ranking in MENA",Index,2027,https://www.facebook.com/EmiratiTimes/posts/the-uae-has-climbed-to-17th-place-globally-and-retained-the-top-regional-ranking/1340591824921127/,🔴 High,No,🟡 Review
2026-08-20,Sustainable Development Report / SDG Index,Sustainable Development Solutions Network (SDSN),UAE SDG profile with target status indicators,Index,2026,https://dashboards.sdgindex.org/profiles/united-arab-emirates/,🟠 Medium,Yes,🟡 Review
2026-08-20,Global Safety Report / Safest Countries Ranking,Unknown,UAE ranked among safest countries globally,Ranking,2026,https://www.facebook.com/KarnatakaTimesMedia/posts/in-2026-a-global-report-named-the-united-arab-emirates-as-the-safest-country-in-/1342761714560611/,🔴 High,No,🟡 Review
2026-08-20,UAE CX Benchmarks,QuestionPro MEA,UAE included in Q2 2026 CX benchmarks,Benchmark,2026,https://www.linkedin.com/posts/questionpro-mea_questionpro-cx-cxbenchmarks-activity-7478764538423812097-VpYS,🟠 Medium,No,🟡 Review
2026-08-20,Public Institutions Assessment Programme,UAE-backed programme (unspecified),UAE-backed programme broadens assessment of public institutions,Benchmark,2026,https://www.euronews.com/2026/05/22/uae-backed-programme-broadens-assessment-of-public-institutions,🟠 Medium,No,🟡 Review
2026-08-20,Macro Poverty Outlook,World Bank,UAE included in April 2026 Macro Poverty Outlook,Report,2026,https://documents.worldbank.org/en/publication/documents-reports/documentdetail/099542508062624321,🟠 Medium,No,🟡 Review
2026-08-20,Country Risk Report / UAE Risk Rating,Allianz Trade,UAE rated A2 (Medium Risk),Report,2026,https://www.allianz-trade.com/en_global/economic-research/country-reports/United-Arab-Emirates.html,🟠 Medium,No,🟡 Review
2026-08-20,Freedom in the World 2026,Freedom House,UAE has explicit score in Freedom in the World 2026,Index,2026,https://freedomhouse.org/country/united-arab-emirates/freedom-world/2026,🔴 High,No,🟡 Review
2026-08-20,Quarterly Economic Survey Q2 2026,Ras Al Khaimah Statistics Centre,UAE (RAK emirate) mentioned in local economic survey,Survey,2026,https://css.rak.ae/en/news/quarterly-economic-survey-second-quarter-of-2026/,🟡 Low,No,🟡 Review
2026-08-20,QS World University Rankings 2027,Quacquarelli Symonds (QS),UAE University ranked 217th globally (up from 229th),Ranking,2027,https://www.academicjobs.com/pt-ae/higher-education-news/uaeu-hits-217th-in-qs-rankings-2027-academicjobs-24503,🔴 High,No,🟡 Review
2026-08-20,Best Global Universities Rankings 2026-2027,U.S. News & World Report,UAE University ranked #285 in Best Global Universities,Ranking,2027,https://www.usnews.com/education/best-global-universities/united-arab-emirates-university-514827,🔴 High,No,🟡 Review
2026-08-20,UNIRANKS 2027,UNIRANKS,UAE universities ranked within UNIRANKS 2027,Ranking,2027,https://www.uniranks.com/ranking/united-arab-emirates,🟠 Medium,No,🟡 Review
2026-08-20,QS World University Rankings 2027,Quacquarelli Symonds (QS),UAE institution(s) appear in results list around rank 148,Ranking,2027,https://www.universityrankings.ch/en/results/QS/2027?ranking=QS&year=2027&region=&q=&s=100,🟠 Medium,No,🟡 Review
2026-08-20,Arabic AI Cultural Benchmark,UAE AI Initiative,UAE mentioned in context of Arabic AI benchmark development,Benchmark,2027,https://www.instagram.com/uae.forsan.en/reel/DcJa1H7Bok7/,🟡 Low,No,🟡 Review
2026-08-20,United Arab Emirates Construction Industry Report 2023-2027,PR Newswire / Research firm (unidentified),UAE is the subject of a construction industry market report with CAGR figures,Report,2027,https://www.prnewswire.com/news-releases/united-arab-emirates-construction-industry-report-2023-2027-uptake-in-real-estate-projects-and-investment-in-non-energy-infra-projects-will-speed-up-growth-301997784.html,🟡 Low,No,🟡 Review
2026-08-20,Environmental Performance Index,Unknown (likely Yale/Columbia),UAE ranked first in Arab world,Index,2026,https://x.com/UAEEmbassyUS/status/2090094342006280525,🔴 High,Yes,🟡 Review
2026-08-20,UAE GDP grows 3% in Q1 2026 as non-oil sector leads - Facebook,,UAE GDP growth figures mentioned,Report,2026,https://www.facebook.com/globalbusinessoutlook/posts/uae-economy-grew-3-in-q1-2026-with-non-oil-gdp-rising-48-and-its-contribution-re/1647837460680202/,🟡 Low,No,🟡 Review
2026-08-20,UAE economy to slow to 1.7% in 2026 before rebounding to 9.8%,,UAE economic growth forecast mentioned,Report,2026,https://gulfnews.com/business/banking/uae-economy-to-slow-to-17-in-2026-before-rebounding-to-98-1.500592589,🟡 Low,No,🟡 Review
2026-08-20,Expat Working Hours Survey,Unknown,UAE expats work average 46.3 hours per week per 2026 survey,Survey,2026,https://www.facebook.com/thedubaiOFW/posts/a-2026-survey-found-that-expats-in-the-uae-work-an-average-of-463-hours-per-week/1519251573576207/,🟠 Medium,No,🟡 Review
2026-08-20,Expat Insider Report,InterNations,UAE ranked 4th globally for expats,Ranking,2026,https://www.facebook.com/worldefglobal/posts/-uae-ranks-4-globally-for-expatsthe-uae-has-been-named-the-4th-best-country-in-t/1499378105546436/,🔴 High,No,🟡 Review
2026-08-20,QS World University Rankings,Quacquarelli Symonds (QS),"Khalifa University (Abu Dhabi) enters QS top 150, first UAE university to do so",Ranking,2027,https://www.arabianbusiness.com/business/education/abu-dhabi-university,🔴 High,No,🟡 Review
2026-08-20,GCC Education Benchmark,vision2030.ai,UAE leads GCC in educational outcome metrics,Benchmark,,https://vision2030.ai/benchmark/education-gcc/,🟠 Medium,No,🟡 Review
2026-08-20,PwC AI Jobs Barometer,PwC,UAE mentioned in context of AI jobs data from PwC AI Jobs Barometer 2026,Report,2026,https://omnesmedia.com/en/media-news/trends-of-uae-recruitment-2027-roles-of-ai-skills-based-hiring-and-emiratisation,🟡 Low,No,🟡 Review
2026-08-20,UAE Financial Services AI Governance Scorecard,Element Global Advisory,UAE mentioned in context of AI governance readiness scorecard,Benchmark,2027,https://www.linkedin.com/posts/element-global-advisory_uae-financial-services-ai-governance-scorecard-activity-7477987222911287296-evRb,🟡 Low,No,🟡 Review
2026-08-20,UAE Gender Balance Strategy 2027–2031,UAE Gender Balance Council,UAE Gender Balance Council launching national survey for strategy,Survey,2027,https://x.com/ARNNewsCentre/status/2088316490475004137,🟡 Low,No,🟡 Review
2026-08-20,UAE Gender Balance Strategy 2027–2031,UAE Gender Balance Council,UAE national gender balance survey to shape strategy,Survey,2027,https://gccbusinesswatch.com/news/uae-launches-national-gender-balance-survey-to-shape-2027-2031-strategy/,🟡 Low,No,🟡 Review
2026-08-20,Global Workplace Survey 2026,Gensler Research Institute,"Dubai listed as included city, no score visible",Survey,2026,https://www.gensler.com/gri/global-workplace-survey-2026,🟠 Medium,No,🟡 Review
2026-08-20,Global Tourism City Attractiveness Index,Yanolja Research,Dubai ranked #1 in Middle East and #10 worldwide,Index,2026,https://www.instagram.com/p/DcN7pgLG5ti/,🔴 High,No,🟡 Review
2026-08-20,UAE Competitiveness Report 2026,Unknown (possibly UAE government),"UAE included, Dubai Customs' role in top indicators mentioned",Report,2026,https://www.tiktok.com/@emirates_news/video/7675047005818752273,🟠 Medium,No,🟡 Review
2026-08-20,LEED Certification Scorecard,USGBC (U.S. Green Building Council),Dubai Media City building scored Platinum 81/100 on LEED,Benchmark,2027,https://www.usgbc.org/projects/dubai-media-city-building-07-08?view=scorecard,🟡 Low,No,🟡 Review
2026-08-20,QS World Future Skills Index,QS (Quacquarelli Symonds),UAE ranked 17th globally and 1st in the Middle East,Index,2027,https://www.instagram.com/p/DbD4G36D8AB/,🔴 High,No,🟡 Review
2026-08-20,QS World Future Skills Index,QS Quacquarelli Symonds,UAE ranked 1st in Arab region and 17th globally,Index,2027,https://www.facebook.com/photo.php?fbid=1046628787873386&set=a.178942271308713&id=100075788241051,🔴 High,No,🟡 Review
2026-08-20,QS Best Student Cities Index,QS Quacquarelli Symonds,"Four UAE cities ranked among world's best student destinations, including Dubai and Abu Dhabi",Index,2027,https://www.instagram.com/p/DcN4BlynzZz/,🔴 High,No,🟡 Review
2026-08-20,Dubai Hospitality/Hotel Supply Report,,Dubai mentioned with hotel room projections,Report,2027,https://commersant.ge/en/news/worl/dubai-to-hand-over-11300-new-hotel-rooms-by-2027-says-report,🟡 Low,No,🟡 Review
2026-08-20,Edelman Trust Barometer 2026,Edelman,UAE included with key findings highlighted at Abu Dhabi launch event,Survey,2026,https://events.edelman.com/uae-edelman-trust-barometer-2026-registration-a85d691d-75b6-4db2-8500-8e68b6845193,🟠 Medium,No,🟡 Review
2026-08-20,Edelman Trust Barometer 2026,Edelman,UAE launch event with key findings mentioned,Survey,2026,https://usuaebusiness.org/events_category/partner-events/,🟠 Medium,No,🟡 Review
2026-08-20,Edelman Trust Barometer 2026,Edelman,UAE trust findings shared at Abu Dhabi launch,Survey,2026,https://www.instagram.com/reel/DUP-mP6AvFt/,🟠 Medium,No,🟡 Review
2026-08-20,Legal Persons and Arrangements Risk Assessment,Abu Dhabi Global Market (ADGM),ADGM (Abu Dhabi) publishes risk assessment update,Report,2026,https://www.wam.ae/en/article/c07irzr-adgm-publishes-2026-update-legal-persons-and,🟡 Low,No,🟡 Review
2026-08-20,Global Liveability Index,Unknown (likely EIU or similar),Abu Dhabi mentioned in context of global liveability rankings,Index,2026,https://www.i24news.tv/en/news/international/artc-the-world-s-most-liveable-city-for-2026-middle-east-takes-another-hit,🟠 Medium,Yes,🟡 Review
2026-08-20,Global Startup Ecosystem Report,Unknown,Abu Dhabi ranked in top 50 by global startup report,Report,2026,https://www.cnn.com/2026/06/18/business/video/hub71-abu-dhabi-pkg-ctw-061810aseg1-cnni-business-fast,🟠 Medium,No,🟡 Review
2026-08-20,Abu Dhabi is setting a new global benchmark in AI-driven governance ...,G42,Abu Dhabi described as setting a global benchmark in AI-driven governance,Other,,https://x.com/G42ai/status/1901966804668362759,🟡 Low,No,🟡 Review
2026-08-20,QS Best Student Cities Index,QS Quacquarelli Symonds,Dubai and Abu Dhabi ranked among world's best student cities,Index,2027,https://www.instagram.com/p/DbU4PoYDVcE/,🔴 High,No,🟡 Review
2026-08-20,QS World University Rankings,QS Quacquarelli Symonds,Khalifa University ranked in QS Rankings 2027,Ranking,2027,https://www.ku.ac.ae/,🟠 Medium,No,🟡 Review
2026-08-20,Arab Development Portal Key Indicators,UNESCWA,UAE included with GDP and Human Development indicators,Benchmark,2026,https://data.unescwa.org/country/are,🟡 Low,No,🟡 Review
2026-08-20,Preparatory meeting of the 2026 United Nations Water ...,United Nations,UAE co-hosting 2026 UN Water Conference,Other,2026,https://webtv.un.org/en/asset/k1m/k1mjradzdc,🟡 Low,No,🟡 Review
2026-08-20,Projects | Public Institutions - un desa dpidg,UN DESA,UAE mentioned as partner in digital transformation initiative,Other,,https://publicadministration.desa.un.org/projects/developing,🟡 Low,No,🟡 Review
2026-08-20,UAE Selected Issues,IMF,UAE included in IMF country report,Report,2025,https://www.imf.org/-/media/files/publications/cr/2025/english/1areea2025002-source-pdf.pdf?utm_source=chatgpt.com,🟠 Medium,No,🟡 Review
2026-08-20,Strengthening judicial capacity on competition law in the ...,UNESCWA,UAE mentioned as host of judicial capacity workshop,Other,,https://www.unescwa.org/news/strengthening-judicial-capacity-competition-law-united-arab-emirates,🟡 Low,No,🟡 Review
2026-08-20,ESCWA Bilingual Data Portal,UN ESCWA,Portal launched at event in Dubai,Other,,https://www.unescwa.org/news/escwa-soft-launches-innovative-bilingual-data-portal-global-forum-dubai,🟡 Low,No,🟡 Review
2026-08-20,COP28 Climate Action Analysis,Economist Intelligence Unit (EIU),COP28 held in UAE (Dubai implied as host),Report,2023,https://www.eiu.com/n/cop28-exposes-tensions-in-accelerating-climate-action/,🟡 Low,No,🟡 Review
2026-08-20,Understanding Risk (UR26) Global Forum,World Bank,Abu Dhabi mentioned as host location for UR forum,Other,2026,https://thedocs.worldbank.org/en/doc/ccb04b600792282351175aa4f2958d7a-0360052026/original/Tokyo-Disaster-Risk-Management-Hub-Briefing-July-2026-1.pdf,🟡 Low,No,🟡 Review
2026-08-20,World's Best Hospitals 2026,Newsweek,UAE hospitals ranked in global hospital rankings,Ranking,2026,https://rankings.newsweek.com/worlds-best-hospitals-2026/united-arab-emirates,🔴 High,No,🟡 Review
2026-08-20,Best Specialized Hospitals Middle East 2026,Statista,Cleveland Clinic Abu Dhabi ranked #1 in Middle East specialized hospitals,Ranking,2026,https://rankings.statista.com/en/healthcare/rankings/best-specialized-hospitals-middle-east-2026/,🔴 High,No,🟡 Review
2026-08-20,Flyers' Choice Awards 2026,,UAE airlines named preferred airline in Middle East and Africa category,Ranking,2026,https://www.instagram.com/reel/DcJnS98PCTf/,🟠 Medium,No,🟡 Review
2026-08-20,URAP 2026 University Ranking,IREG Observatory / Center for World University Rankings,"Center for World University Rankings based in UAE, no UAE country rank visible",Ranking,2026,https://www.ireg-observatory.org/en/,🟡 Low,No,🟡 Review
2026-08-20,QS World University Rankings 2027,QS,UAE has 12 universities featured in QS World University Rankings 2027,Ranking,2027,https://x.com/AletihadEn/status/2090009220896993579,🔴 High,No,🟡 Review
2026-08-21,Competitiveness Report 2026,,UAE's strengthened global position highlighted,Report,2026,https://www.facebook.com/EmiratesNews/posts/the-2026-competitiveness-report-highlights-the-uaes-strengthened-global-position/1086945040657314/,🟠 Medium,No,🟡 Review
2026-08-21,Environmental Performance Index (EPI),,UAE ranked 1st among Arab countries,Index,2026,https://www.bignewsnetwork.com/news/279179257/uae-leads-arab-world-in-2026-environmental-performance-index,🔴 High,Yes,🟡 Review
2026-08-21,World Investment Report 2026,UNCTAD,UAE record investment inflows referenced in World Investment Report 2026,Report,2026,https://www.globenewswire.com/news-release/2026/08/11/3343066/0/en/uae-s-record-investment-inflows-reinforce-global-momentum-for-aim-congress-2026.html,🟠 Medium,No,🟡 Review
2026-08-21,QS World University Rankings 2027,Quacquarelli Symonds (QS),UAEU ranked 217th globally,Ranking,2027,https://www.bignewsnetwork.com/news/279132450/uaeu-rises-to-217th-globally-in-qs-world-university-rankings-2027,🔴 High,No,🟡 Review
2026-08-21,Global Economic Prospects,World Bank,UAE GDP forecast 5% in 2026 and 5.1% in 2027,Report,2026,https://www.facebook.com/umar.rajpoot.75457081/posts/-world-bank-forecasts-uaes-economy-to-grow-5-in-2026-and-51-in-2027-uae-economy/2312820375895755/,🟡 Low,No,🟡 Review
2026-08-21,"Official 2026 GDP figures are not expected until 2027, but forecasts ...",,UAE score 94.1 alongside Denmark 94.1,Index,2026,https://www.instagram.com/p/Da2s5C8FWsM/,🟡 Low,No,🟡 Review
2026-08-21,Global Economic Outlook,Kearney,UAE leads five fastest-growing large economies,Report,2025,https://www.kearney.com/service/global-business-policy-council/global-economic-outlook/2025-2027-1h,🟠 Medium,No,🟡 Review
2026-08-21,QS World Future Skills Index,QS (Quacquarelli Symonds),UAE ranked 17th globally,Index,2027,https://www.facebook.com/educationuaemag/posts/the-uae-continues-to-strengthen-its-position-as-a-global-education-leaderthe-cou/1363076589340926/,🔴 High,No,🟡 Review
2026-08-21,Edelman Trust Barometer,Edelman,UAE leads global Government Trust Index,Index,2026,https://www.forbesmiddleeast.com/industry/business/uae-tops-global-government-trust-index-in-latest-edelman-trust-barometer,🔴 High,No,🟡 Review
2026-08-21,Legal Persons and Arrangements Risk Assessment,ADGM (Abu Dhabi Global Market),"UAE aligned assessment, Abu Dhabi mentioned",Report,2026,https://www.adgm.com/media/announcements/adgm-publishes-2026-update-to-legal-persons-and-arrangements-lpa-risk-assessment,🟡 Low,No,🟡 Review
2026-08-21,FATF Mutual Evaluation,Financial Action Task Force (FATF),UAE undergoing FATF mutual evaluation assessment,Benchmark,2026,https://adilzone.com/aml-compliance/fatf-mutual-evaluation-uae-2026/,🟠 Medium,No,🟡 Review
2026-08-21,UAE Construction Industry Report 2026,Venturesonsite,UAE GDP growth projections cited from IMF,Report,2026,https://www.venturesonsite.com/uae-construction-market-report-2026,🟡 Low,No,🟡 Review
2026-08-21,UAE Word of Mouth Risers,YouGov,UAE brands ranked by word-of-mouth surge,Ranking,2026,https://yougov.com/articles/54212-uae-word-of-mouth-risers-2026,🟡 Low,No,🟡 Review
2026-08-21,Edelman Trust Barometer,Edelman,UAE ranks among most trusted governments globally,Survey,,https://www.instagram.com/reel/DV1M-44Cm3R/,🟡 Low,No,🟡 Review
2026-08-21,World Bank Economic Forecast,World Bank,UAE GDP growth forecast 5% in 2026 and 5.1% in 2027,Report,2026,https://tvbrics.com/en/news/world-bank-forecasts-5-growth-for-uae-economy-in-2026/,🟠 Medium,No,🟡 Review
2026-08-21,UAE Gender Balance Survey,UAE Gender Balance Council,UAE Gender Balance Strategy 2027–2031 survey development,Survey,2027,https://x.com/DXBMediaOffice/status/2090451826307207357,🟡 Low,No,🟡 Review
2026-08-21,Global Economic Prospects,World Bank,UAE economy forecast to grow 5% in 2026 and 5.1% in 2027,Report,2026,https://www.voiceofemirates.com/en/business/2026/01/13/the-world-bank-forecasts-that-the-uae-economy-will-grow-by-5-in-2026-and-5-1-in-2027/,🟠 Medium,No,🟡 Review
2026-08-21,Ministry of Education launches comprehensive assessment ...,UAE Ministry of Education,UAE educator assessment programme mentioned,Other,2025,https://gulfnews.com/uae/education/uae-ministry-of-education-launches-comprehensive-assessment-for-14000-educators-ahead-of-20252026-academic-year-1.500187044,🟡 Low,No,🟡 Review
2026-08-21,War tests Dubai as safe space for the super rich,Axios,Dubai mentioned as global finance hub,Other,2026,https://www.axios.com/2026/03/09/iran-war-dubai-finance,🟡 Low,No,🟡 Review
2026-08-21,Yanolja Attractiveness Index,Yanolja,"Dubai ranked 10th out of 261 cities worldwide, 1st in Middle East",Index,2026,https://dayandnightdubai.com/blog/dubai-just-ranked-10th-worldwide-but-this-time-the-ranking-actually-means-something/,🔴 High,No,🟡 Review
2026-08-21,World's Most Beautiful City at Night Study,Unknown,Dubai ranked 1st globally for most beautiful city at night,Ranking,2026,https://www.facebook.com/GulfNews.UAE/posts/dubai-crowned-worlds-most-beautiful-city-at-night-for-2026-topping-a-global-stud/1485430380282003/,🟠 Medium,No,🟡 Review
2026-08-21,University Rankings 2027,Unknown (university ranking body),University of Dubai ranked 5th globally for Student Voice,Ranking,2027,https://www.instagram.com/p/DZumqd1jcNf/,🟠 Medium,No,🟡 Review
2026-08-21,Global Economic Prospects,World Bank,UAE economy projected to grow 5% in 2026 and 5.1% in 2027,Report,2026,https://www.facebook.com/AletihadEn/posts/world-bank-uae-economy-to-grow-5-in-2026-51-in-2027-read-more-httplinkaletihadae/741383755687350/,🟠 Medium,No,🟡 Review
2026-08-21,Annual Economic Survey,Statistics Centre - Abu Dhabi (SCAD),Abu Dhabi-specific economic survey,Survey,,https://scad.gov.ae/w/annual-economic-survey-aes-,🟡 Low,No,🟡 Review
2026-08-21,Global Startup Ecosystem Report (GSER) 2026,Startup Genome,Abu Dhabi included in global ecosystem rankings,Ranking,2026,https://startupgenome.com/,🟠 Medium,No,🟡 Review
2026-08-21,QS World University Rankings 2026,Quacquarelli Symonds (QS),Abu Dhabi University climbs 110 places in global ranking,Ranking,2026,https://www.mediaoffice.abudhabi/en/education/abu-dhabi-university-climbs-110-places-in-qs-world-university-rankings-2026/,🔴 High,No,🟡 Review
2026-08-21,Proportion of Seats Held by Women in National Parliaments,World Bank,UAE included with data on women in parliament (%),Index,,https://data.worldbank.org/indicator/SG.GEN.PARL.ZS?locations=AE,🟠 Medium,No,🟡 Review
2026-08-21,MAP Peer Review Report – UAE (Stage 2),OECD,UAE peer reviewed on BEPS Action 14 Minimum Standard,Report,,https://www.oecd.org/en/publications/making-dispute-resolution-more-effective-map-peer-review-report-the-united-arab-emirates-stage-2_d4e40420-en.html,🟠 Medium,No,🟡 Review
2026-08-21,Live in the United Arab Emirates.,Henley Global,UAE mentioned as a country to live in,,,https://www.henleyglobal.com/countries/united-arab-emirates,🟡 Low,No,🟡 Review
2026-08-21,Investment Policy Perspectives in the United Arab Emirates,OECD,UAE is the subject of an OECD investment policy review,Report,2026,https://manara.unescwa.org/results?q,🟠 Medium,No,🟡 Review
2026-08-21,United Arab Emirates: Selected Issues,IMF,UAE mentioned in IMF selected issues report,Report,2022,https://www.imf.org/en/publications/cr/issues/2022/02/17/united-arab-emirates-selected-issues-513270,🟡 Low,No,🟡 Review
2026-08-21,Corruption Perceptions Index 2025,Transparency International,UAE has an explicit score/rank in the 2025 CPI,Index,2025,https://www.transparency.org/en/cpi/2025/index/are,🔴 High,No,🟡 Review
2026-08-21,Corruption Perceptions Index 2024,Transparency International,UAE ranked among 180 countries in CPI 2024,Index,2024,https://www.transparency.org/en/cpi/2024,🔴 High,No,🟡 Review
2026-08-21,Corruption Perceptions Index 2024 - Middle East & North Africa,Transparency International,"UAE scored 68 in CPI 2024, up 10 points since 2019",Index,2024,https://www.transparency.org/en/news/cpi-2024-middle-east-north-africa-corruption-linked-authoritarianism-calls-reform-emerging,🔴 High,No,🟡 Review
2026-08-21,Country Analysis,Economist Intelligence Unit (EIU),UAE mentioned in country analysis listing,Report,,https://www.eiu.com/n/product-service/country-analysis/page/3/,🟡 Low,No,🟡 Review
2026-08-21,OECD-FAO Agricultural Outlook 2018-2027,OECD / FAO,UAE potentially included via MENA chapter,Report,2018,https://www.oecd.org/en/publications/oecd-fao-agricultural-outlook-2018-2027_agr_outlook-2018-en.html,🟡 Low,No,🟡 Review
2026-08-21,INSEAD inaugurates centre for executive education and ...,INSEAD,INSEAD centre inaugurated in Abu Dhabi,Other,,https://www.insead.edu/news/insead-inaugurates-centre-executive-education-and-research-abu-dhabi,🟡 Low,No,🟡 Review
2026-08-21,World Economic Outlook,IMF,UAE GDP current prices 648.67; real GDP growth 3.9%,Report,2026,https://www.imf.org/external/datamapper/NGDPD@WEO/IRN?year=2027,🔴 High,No,🟡 Review
2026-08-21,Arab Knowledge Report 2014,UNDP,UAE mentioned in report title/context,Report,2014,https://www.undp.org/arab-states/publications/arab-knowledge-report-2014uae,🟡 Low,No,🟡 Review
2026-08-21,Top 10 Emerging Technologies of 2026,World Economic Forum / Dubai Future Foundation,Dubai Future Foundation referenced as contributor to foresight lens,Report,2026,https://www.weforum.org/publications/top-10-emerging-technologies-of-2026/in-full/technology-foresight-and-the-desirable-future-ahead/,🟡 Low,No,🟡 Review
2026-08-21,IMD Smart City Index 2026,IMD,UAE/Gulf cities discussed in competitiveness context; index to be published March 2026,Index,2026,https://www.imd.org/ibyimd/competitiveness/how-the-gulf-is-inspiring-the-world-to-build-cities-that-champion-quality-of-life/,🟠 Medium,Yes,🟡 Review
2026-08-21,Henley Private Wealth Migration Report 2026,Henley & Partners,"UAE likely included given UAE is a top wealth migration destination, but not explicitly confirmed in snippet",Report,2026,https://www.henleyglobal.com/publications/henley-private-wealth-migration-report-2026,🟠 Medium,No,🟡 Review
2026-08-21,AMGFC Dubai 2024 - Skills in the Age of AI - English,World Economic Forum,Dubai mentioned as event location for WEF discussion on AI skills,Other,2024,https://www.weforum.org/videos/amgfc-dubai-2024-skills-in-the-age-of-ai-english/,🟡 Low,No,🟡 Review
2026-08-21,Annual Meetings of the Global Future Councils and ...,World Economic Forum,Dubai mentioned as host city for WEF Global Future Councils meeting,Other,2025,https://www.weforum.org/meetings/annual-meetings-of-the-global-future-councils-and-cybersecurity-2025/,🟡 Low,No,🟡 Review
2026-08-21,Events | United Nations Economic and Social Commission for ...,UNESCWA,Abu Dhabi mentioned as event location,Other,,https://archive.unescwa.org/events/escwa-digital-arabic-content--award-2025-2026?page=241,🟡 Low,No,🟡 Review
2026-08-21,Global Risks Report 2026,World Economic Forum,Abu Dhabi Department of Economic Development mentioned as contributor/partner,Report,2026,https://reports.weforum.org/docs/WEF_Global_Risks_Report_2026.pdf,🟠 Medium,No,🟡 Review
2026-08-21,Human Security Report 2026,UNDP,Abu Dhabi Dialogue mentioned in context of labour mobility,Report,2026,https://www.undp.org/sites/g/files/zskgke326/files/2026-06/undp-rbap-hkh-human-security-report-2026.pdf,🟡 Low,No,🟡 Review
2026-08-21,QS World University Rankings 2027,Quacquarelli Symonds (QS),Abu Dhabi University ranked 348th globally,Ranking,2027,https://www.academicjobs.com/higher-education-news/abu-dhabi-university-rises-to-348th-in-qs-rankings-2027-academicjobs-25387,🔴 High,No,🟡 Review
2026-08-22,Global Relocation Index,WhereNext,UAE ranked #16 out of 95 countries,Index,2026,https://getwherenext.com/compare/US-vs-AE,🔴 High,Yes,🟡 Review
2026-08-22,SCImago Institutions Rankings,SCImago,UAE universities listed and ranked,Ranking,2026,https://www.scimagoir.com/rankings.php?sector=Higher+educ.&page=1&country=ARE,🟠 Medium,No,🟡 Review
2026-08-22,QS World University Rankings,QS Quacquarelli Symonds,"UAE University ranked #217 globally in QS 2027, #1 in UAE on THE 2026",Ranking,2027,https://collegedunia.com/uae/university/3602-united-arab-emirates-university-al-ain/ranking,🔴 High,No,🟡 Review
2026-08-22,QS World University Rankings,QS Quacquarelli Symonds,Khalifa University ranked among UAE institutions,Ranking,2027,https://www.facebook.com/StudyTravelLimited/posts/the-qs-world-university-rankings-2027-have-been-released-showing-stability-among/1474987494643337/,🔴 High,No,🟡 Review
2026-08-22,Country Risk Report – United Arab Emirates,Allianz,UAE included in country risk benchmarking report,Report,2027,https://www.allianz.com/en/economic_research/country-and-sector-risk/country-risk/united-arab-emirates.html,🟠 Medium,No,🟡 Review
2026-08-22,UAE Growth Outlook Strong in 2026 Driven by Non-Oil ...,Standard Chartered / IMF (referenced),UAE growth outlook mentioned with forecasts,Report,2026,https://www.linkedin.com/posts/mit-sloan-management-review-middle-east_non-oil-growth-powers-uaes-stronger-than-expected-activity-7414859654343655424-S3kP,🟡 Low,No,🟡 Review
2026-08-22,Global Soft Power Index 2026,Brand Finance,UAE ranked #10 globally,Index,2026,https://www.linkedin.com/posts/mahmood-abdulla-400694244_uae-ranks-10-globally-in-the-2026-global-activity-7421114291967336448-uYM9,🔴 High,Yes,🟡 Review
2026-08-22,Best Countries Report 2026,US News & World Report (implied),UAE ranked 10th globally,Ranking,2026,https://gulfnews.com/uae/uae-enters-global-top-10-in-best-countries-ranking-1.500580997,🔴 High,No,🟡 Review
2026-08-22,QS World Future Skills Index 2027,QS Quacquarelli Symonds,"UAE ranked 17th globally, 1st in MENA",Index,2027,https://strongyes.co/middleeast/jobs-careers/uae-qs-world-future-skills/,🔴 High,No,🟡 Review
2026-08-22,The US Federal Reserve has kept its benchmark interest ...,US Federal Reserve,UAE mentioned as most diversified Gulf economy in context of Fed decision,,2026,https://www.instagram.com/p/DbaUPjvjU-q/,🟡 Low,No,🟡 Review
2026-08-22,QS World Future Skills Index,QS (Quacquarelli Symonds),"UAE ranked 17th globally, 1st in Middle East and Arab region",Index,2027,https://www.instagram.com/p/DSrSqmdikcQ/,🔴 High,No,🟡 Review
2026-08-22,GCC Economic Forecast,ICAEW,GCC (including UAE) economic growth benchmarked with sector forecasts,Report,2027,https://gulfbusiness.com/en/2026/economy/gcc-economy-seen-rebounding-8-1pc-in-2027-icaew/,🟠 Medium,No,🟡 Review
2026-08-22,QS World Future Skills Index 2025,QS Quacquarelli Symonds,"UAE ranked 17th globally, 1st in Arab region, up from 29th",Index,2025,https://www.instagram.com/p/Da2ogZ1nGiU/,🔴 High,No,🟡 Review
2026-08-22,FDI Overachievers Index,fDi Intelligence,"UAE scored 11.1, top in Middle East region",Index,,https://www.fdiintelligence.com/content/ed3bedd8-37c3-56b1-b036-2cd031b8eef2,🟠 Medium,No,🟡 Review
2026-08-22,QS World University Rankings 2027,QS Quacquarelli Symonds,12 UAE universities included; University of Sharjah advanced 45 places,Ranking,2027,https://www.sharjah.ac.ae/en/News/University-of-Sharjah-Advances-45-Places-in-2027-QS-World-University-Rankings,🟠 Medium,No,🟡 Review
2026-08-22,World Competitiveness Report 2027,IMD (implied via UAE Government Media Office),UAE ranked 1st globally in economic performance and competitiveness,Report,2027,https://www.linkedin.com/posts/faisal-al-hashmi-6963198b_uae-ranks-1st-globally-in-economic-performance-activity-7473416029168123906-45L8,🔴 High,Yes,🟡 Review
2026-08-22,Global Wealth Report (implied),,UAE financial wealth projected to grow to $1.3trn by 2027,Report,2027,https://www.fccib.net/news/n/news/uae-wealth-to-grow-55-to-hit-13trn-in-2027-report.html,🟡 Low,No,🟡 Review
2026-08-22,Business Resilience Survey 2026,British Chamber of Commerce Dubai,Dubai-focused business resilience survey,Survey,2026,https://britishchamberdubai.com/news-details/5209,🟡 Low,No,🟡 Review
2026-08-22,QS World University Rankings,QS Quacquarelli Symonds,"CUD ranked #1 in Dubai, #523 worldwide",Ranking,2027,https://www.cud.ac.ae/about/accreditation-and-rankings,🟠 Medium,No,🟡 Review
2026-08-22,Global Liveability Index,Economist Intelligence Unit (EIU),Abu Dhabi ranked 5th regionally and 66th globally; Dubai also ranked,Index,2026,https://www.facebook.com/muscatdailyonline/posts/the-2026-global-liveability-index-reveals-a-decline-for-gulf-cities-with-the-ong/1629648489161519/,🔴 High,Yes,🟡 Review
2026-08-22,World Bank Group and IMF to Hold 2029 Annual Meetings ...,World Bank Group / IMF,Abu Dhabi selected to host 2029 Annual Meetings,Other,2029,https://www.imf.org/en/news/articles/2026/04/10/pr26110-wbg-and-imf-to-hold-2029-annual-meetings-in-abu-dhabi-united-arab-emirates,🟡 Low,No,🟡 Review
